Order_Form_ID	Customer_Name	Article_Number	Article_Name	Invoice_Date	PickAndPay	Revenue	Calendar_week	Amount
21b32479462e60b9b6e8207dd378ceaa	C	119761650	BEARINGS AND ACCESSORIES	2016-01-05	0	13851.7	1	1.0
21b32479462e60b9b6e8207dd378ceaa	C	115975800	BEARINGS AND ACCESSORIES	2016-01-05	0	13851.7	1	1.0
21b32479462e60b9b6e8207dd378ceaa	C	101684300	BALL SCREW KGT-S-3240X2727	2016-01-05	0	38471.75	1	1.0
21b32479462e60b9b6e8207dd378ceaa	C	P030FR001	FREIGHT CHARGES	2016-01-05	0	5661.05	1	1.0
21b32479462e60b9b6e8207dd378ceaa	C	P030PA001	PACKING	2016-01-05	0	2308.39	1	1.0
5a24c78b5ccfb5575a6bb1a733e2d086	C	107440100	NAP FOIL 120 MM BR/25 M	2016-01-05	1	9320.12	1	25.0
5a24c78b5ccfb5575a6bb1a733e2d086	C	101517100	TOOTHED BELT HTD 15X 8X1600	2016-01-05	1	289.65	1	1.0
d0eef720c6f836104f83e2fb8dd198aa	C	104230500	FOAM RUBBER 60X12X2600	2016-01-25	0	3764.6	4	4.0
d0eef720c6f836104f83e2fb8dd198aa	C	110991002	PACKING CHARGES (CARTON) 300X300X200	2016-01-25	0	192.37	4	1.0
40143fa0cc3fa71f5968b0217f258457	C	105406902	GRINDING WHEEL 50X10X16	2016-02-10	1	9156.6	6	8.0
40143fa0cc3fa71f5968b0217f258457	C	105303998	DISC CUT KNIFE 240X1,2MM,28°	2016-02-10	1	37187.03	6	8.0
40143fa0cc3fa71f5968b0217f258457	C	107254200	FELT 60X45MMX10	2016-02-10	1	1216.58	6	56.0
f43b80d74f8642e3c66cabba4467dd15	C	105553900	DISPLAY 24VDC DIGEM	2016-03-10	0	18715.25	10	2.0
f43b80d74f8642e3c66cabba4467dd15	C	105114700	PROXIMITY SWITCH 10-30VDC/PNP/M8/1,5MM	2016-03-10	0	6371.15	10	2.0
f43b80d74f8642e3c66cabba4467dd15	C	110991002	PACKING CHARGES (CARTON) 300X300X200	2016-03-10	0	192.37	10	1.0
5fbccb8c89623fb021cfebbef681a779	C	105406902	GRINDING WHEEL 50X10X16	2016-04-07	1	-9156.6	14	-8.0
5fbccb8c89623fb021cfebbef681a779	C	105303998	DISC CUT KNIFE 240X1,2MM,28°	2016-04-07	1	-37187.03	14	-8.0
5fbccb8c89623fb021cfebbef681a779	C	107254200	FELT 60X45MMX10	2016-04-07	1	-1216.58	14	-56.0
5fbccb8c89623fb021cfebbef681a779	C	105406902	GRINDING WHEEL 50X10X16	2016-04-07	1	-2289.15	14	-2.0
5fbccb8c89623fb021cfebbef681a779	C	105406902	GRINDING WHEEL 50X10X16	2016-04-07	1	-9156.6	14	-8.0
5fbccb8c89623fb021cfebbef681a779	C	105303998	DISC CUT KNIFE 240X1,2MM,28°	2016-04-07	1	-4648.38	14	-1.0
cb35d32907901a9de3359f9822304568	C	109152510	SERVO CONTROLLER BUM 616-12/18	2016-04-14	0	49402.79	15	1.0
cb35d32907901a9de3359f9822304568	C	V00000025	PACKING CHARGES (CARTON)	2016-04-14	0	192.37	15	1.0
60de118a6c69c50847b8567f91124037	C	101684300	BALL SCREW KGT-S-3240X2727	2016-04-16	0	-38471.75	15	-1.0
563feaf2b6edaf40c9a69c73c34a5c5a	C	108079901	CLAMPING ELEMENT	2016-05-25	0	8293.98	21	4.0
563feaf2b6edaf40c9a69c73c34a5c5a	C	110991000	PACKING CHARGES (CARTON) 200X200X80	2016-05-25	0	192.37	21	1.0
2d17fbc9e715f31897afac7759a4cada	C	118027801	PRESSURE BELT I-QUALITY 2540X 2800	2016-06-17	1	160030.35	24	1.0
afc6c5390eb4fc187f93ba66809301fe	C	109152510	SERVO CONTROLLER BUM 616-12/18	2016-06-18	0	281285.28	24	6.0
afc6c5390eb4fc187f93ba66809301fe	C	110680400	PACKING CHARGES (PAL-BOX I) 830X580X680	2016-06-18	0	1099.23	24	1.0
afc6c5390eb4fc187f93ba66809301fe	C	P030FR001	FREIGHT CHARGES	2016-06-18	0	7612.18	24	1.0
4abfe21f0e7d7a2f55ad1a551fbf626a	C	208780611	KNIFE SET 2500MM	2016-06-21	0	94364.69	25	1.0
4abfe21f0e7d7a2f55ad1a551fbf626a	C	V00000007	PACKING CHARGES (BOX) 2670X100X110MM	2016-06-21	0	1374.04	25	1.0
37bbb2d7343d63a171876a1c78a453e0	C	105303998	DISC CUT KNIFE 240X1,2MM,28°	2016-06-25	1	51132.16	25	11.0
37bbb2d7343d63a171876a1c78a453e0	C	105406902	GRINDING WHEEL 50X10X16	2016-06-25	1	32048.12	25	28.0
37bbb2d7343d63a171876a1c78a453e0	C	106606930	CLEAN-OUT FINGER 1,0X98X81.5	2016-06-25	1	10745.0	25	50.0
37bbb2d7343d63a171876a1c78a453e0	C	107254200	FELT 60X45MMX10	2016-06-25	1	3714.86	25	171.0
37bbb2d7343d63a171876a1c78a453e0	C	163270925	SCRAPER BLADE CORRUDUR® 2550X50X1,5	2016-06-25	1	1284.73	25	1.0
37bbb2d7343d63a171876a1c78a453e0	C	105337510	PROFILED JOINT 20X25X637	2016-06-25	1	4662.39	25	4.0
37bbb2d7343d63a171876a1c78a453e0	C	107988610	TOOTHED BELT HTD 50X8MX2000 CXP	2016-06-25	1	3830.82	25	1.0
37bbb2d7343d63a171876a1c78a453e0	C	111125198	GLUE DAM JOINT 3X128X197	2016-06-25	1	2756.32	25	2.0
37bbb2d7343d63a171876a1c78a453e0	C	111125199	GLUE DAM JOINT 3X128X197	2016-06-25	1	2756.32	25	2.0
37bbb2d7343d63a171876a1c78a453e0	C	111125301	GLUE DAM JOINT 3X260X220	2016-06-25	1	3036.63	25	2.0
37bbb2d7343d63a171876a1c78a453e0	C	148143400	HOOK BELT FASTENER G006-SS-600W	2016-06-25	1	5606.08	25	4.8
d81842b4f73eaaaa63b864cdcb4987fd	C	P030PA001	PACKING	2016-06-25	1	384.73	25	1.0
d81842b4f73eaaaa63b864cdcb4987fd	C	P030FR001	FREIGHT CHARGES	2016-06-25	1	4121.02	25	1.0
e74613ece27997a5f94d95982abb68a4	C	P030PA001	PACKING	2016-06-25	1	-384.73	25	-1.0
e74613ece27997a5f94d95982abb68a4	C	P030FR001	FREIGHT CHARGES	2016-06-25	1	-4121.02	25	-1.0
1bfdd3a616bfef37e45230944271eaba	C	P030PA001	PACKING	2016-06-30	1	384.73	26	1.0
1bfdd3a616bfef37e45230944271eaba	C	P030FR001	FREIGHT CHARGES	2016-06-30	1	4121.02	26	1.0
995e76e6c8c3cfa269ad665aeaff23d2	C	105073800	KNIFE 2540X30X8 AB2500	2016-07-01	1	44638.45	26	1.0
995e76e6c8c3cfa269ad665aeaff23d2	C	113115001	UPPER KNIFE L=2540 AB=2500	2016-07-01	1	44638.45	26	1.0
cf01938f95efa1edb405e81c6a495aec	C	P030PA001	PACKING	2016-07-01	1	1374.04	26	1.0
cf01938f95efa1edb405e81c6a495aec	C	P030FR001	FREIGHT CHARGES	2016-07-01	1	5087.8	26	1.0
a3456a95b84a3fcfe49d1e9f8f3de226	C	P030PA001	PACKING	2016-07-01	1	-1374.04	26	-1.0
a3456a95b84a3fcfe49d1e9f8f3de226	C	P030FR001	FREIGHT CHARGES	2016-07-01	1	-5087.8	26	-1.0
903d0492ee81b37a1ee6f1d7b70ff69c	C	P030PA001	PACKING	2016-07-01	1	1374.04	26	1.0
903d0492ee81b37a1ee6f1d7b70ff69c	C	P030FR001	FREIGHT CHARGES	2016-07-01	1	5087.8	26	1.0
c5d67af3b136488f4e7b9544d3ce72f8	C	111436100	ROUND HEAD GROOVED PIN 3X8	2016-07-06	0	1087.69	27	40.0
c5d67af3b136488f4e7b9544d3ce72f8	C	142697101	FLAT SPRING 0,5X10X17X91	2016-07-06	0	2595.29	27	20.0
c5d67af3b136488f4e7b9544d3ce72f8	C	110991000	PACKING CHARGES (CARTON) 200X200X80	2016-07-06	0	192.37	27	1.0
805a752623b7ea6b67585c0e17f2a702	C	107254200	FELT 60X45MMX10	2016-07-25	1	608.15	30	28.0
805a752623b7ea6b67585c0e17f2a702	C	105303998	DISC CUT KNIFE 240X1,2MM,28°	2016-07-25	1	9296.76	30	2.0
805a752623b7ea6b67585c0e17f2a702	C	105303998	DISC CUT KNIFE 240X1,2MM,28°	2016-07-25	1	4648.38	30	1.0
805a752623b7ea6b67585c0e17f2a702	C	105303998	DISC CUT KNIFE 240X1,2MM,28°	2016-07-25	1	4648.38	30	1.0
805a752623b7ea6b67585c0e17f2a702	C	106606930	CLEAN-OUT FINGER 1,0X98X81.5	2016-07-25	1	21489.99	30	100.0
4159e29f7f69594d1bf0bac95714901e	C	105114700	PROXIMITY SWITCH 10-30VDC/PNP/M8/1,5MM	2016-08-12	0	4673.39	32	1.0
4159e29f7f69594d1bf0bac95714901e	C	110991000	PACKING CHARGES (CARTON) 200X200X80	2016-08-12	0	192.37	32	1.0
bb87519e9aa28c515043325baf210308	C	107254200	FELT 60X45MMX10	2016-09-02	1	304.21	35	14.0
e48214e9d4df3d54472b1be72d87dab9	C	103101000	PLASTIC PLATE 60X6X180	2016-09-02	1	2831.07	35	24.0
c60b7fcc710178951e220aee1f8a39f3	C	P030FR001	FREIGHT CHARGES	2016-09-02	1	1750.53	35	1.0
c60b7fcc710178951e220aee1f8a39f3	C	P030PA001	PACKING	2016-09-02	1	192.37	35	1.0
e92e369655d0f2453948308dbcc6b1fb	C	P030PA001	PACKING	2016-09-02	1	192.37	35	1.0
e92e369655d0f2453948308dbcc6b1fb	C	P030FR001	FREIGHT CHARGES	2016-09-02	1	1750.53	35	1.0
25c635729b0c60aadff71308ad322bb3	C	P030PA001	PACKING	2016-09-02	1	-192.37	35	-1.0
25c635729b0c60aadff71308ad322bb3	C	P030FR001	FREIGHT CHARGES	2016-09-02	1	-1750.53	35	-1.0
4d1228e66607ef55607b92131b7a63c9	C	P030PA001	PACKING	2016-09-02	1	192.37	35	1.0
4d1228e66607ef55607b92131b7a63c9	C	P030FR001	FREIGHT CHARGES	2016-09-02	1	1750.53	35	1.0
0cb19e87df6e2e4509aeec31fbfe3be2	C	P030PA001	PACKING	2016-09-07	1	192.37	36	1.0
0cb19e87df6e2e4509aeec31fbfe3be2	C	P030FR001	FREIGHT CHARGES	2016-09-07	1	3172.93	36	1.0
076edb19e265898b77e6008676db3d71	C	P030PA001	PACKING	2016-09-07	1	-192.37	36	-1.0
076edb19e265898b77e6008676db3d71	C	P030FR001	FREIGHT CHARGES	2016-09-07	1	-3172.93	36	-1.0
f71f2d2d5d9e2b04ea48c5f98444c49a	C	P030PA001	PACKING	2016-09-08	1	192.37	36	1.0
f71f2d2d5d9e2b04ea48c5f98444c49a	C	P030FR001	FREIGHT CHARGES	2016-09-08	1	3172.93	36	1.0
83e55e1fe10216105a4c99e989b015f4	C	105303998	DISC CUT KNIFE 240X1,2MM,28°	2016-09-09	1	9296.76	36	2.0
c142d555e294845b32ed972fa4949995	C	P030LF002	COMMITMENT CHARGE	2016-09-13	0	87938.58	37	1.0
c142d555e294845b32ed972fa4949995	C	P030LF001	LENDING FEE	2016-09-13	0	164884.84	37	1.0
c142d555e294845b32ed972fa4949995	C	P030FR001	FREIGHT CHARGES	2016-09-13	0	18364.05	37	1.0
33b780ca3ea299d6cc9b6f7b53f14ed5	C	135620122	CARBON BRUSH	2016-10-07	0	15903.69	40	12.0
33b780ca3ea299d6cc9b6f7b53f14ed5	C	110991001	PACKING CHARGES (CARTON) 200X200X150	2016-10-07	0	192.37	40	1.0
24cdb5b8da611ee0d5ef6c84f59a1896	C	P030PA001	PACKING	2016-10-13	1	192.37	41	1.0
24cdb5b8da611ee0d5ef6c84f59a1896	C	P030FR001	FREIGHT CHARGES	2016-10-13	1	3786.86	41	1.0
738492a5ab4f255afc24934d6a8d47bb	C	P030PA001	PACKING	2016-10-13	1	-192.37	41	-1.0
738492a5ab4f255afc24934d6a8d47bb	C	P030FR001	FREIGHT CHARGES	2016-10-13	1	-3786.86	41	-1.0
5c1047e72a5d40da302ce6faaaa36f92	C	P030FR001	FREIGHT CHARGES	2016-10-14	1	3544.75	41	1.0
5c1047e72a5d40da302ce6faaaa36f92	C	P030PA001	PACKING	2016-10-14	1	192.37	41	1.0
04ea615fa249f8d7dfd39e156137097b	C	P030PA001	PACKING	2016-10-14	1	192.37	41	1.0
04ea615fa249f8d7dfd39e156137097b	C	P030FR001	FREIGHT CHARGES	2016-10-14	1	3786.86	41	1.0
756e190a78cb20aa3a31d111283fa79a	C	105303998	DISC CUT KNIFE 240X1,2MM,28°	2016-10-20	1	18593.51	42	4.0
756e190a78cb20aa3a31d111283fa79a	C	105406902	GRINDING WHEEL 50X10X16	2016-10-20	1	6867.45	42	6.0
756e190a78cb20aa3a31d111283fa79a	C	105406902	GRINDING WHEEL 50X10X16	2016-10-20	1	6867.45	42	6.0
8527ce315b22d33668b5f1d39a6eeebc	C	100511200	PRESSURE CONTROL VALVE G1/8; 0.1-6 BAR	2016-10-22	0	35608.53	42	2.0
8527ce315b22d33668b5f1d39a6eeebc	C	118308700	PACKING CHARGES (CARTON) 330X163X172 MM	2016-10-22	0	192.37	42	1.0
0c89d6d06894e2c2852d3e963137a02f	C	105303998	DISC CUT KNIFE 240X1,2MM,28°	2016-10-27	1	4648.38	43	1.0
ab263028e61c5c182462d844b2d11a3a	C	P030FR001	FREIGHT CHARGES	2016-11-07	1	1593.89	45	1.0
ab263028e61c5c182462d844b2d11a3a	C	P030PA001	PACKING	2016-11-07	1	192.37	45	1.0
c4e486d3b2799f8e011f0f52cbb5a8ec	C	P030FR001	FREIGHT CHARGES	2016-11-16	1	-3567.83	46	-1.0
d4badc31f0b5276836da77092c90d92b	C	123052320	NO-CRUSH-ROLLER 165X65X50	2016-11-16	1	-4788.53	46	-10.0
a464a4e5f358c67d61db98285bbd29c2	C	118027801	PRESSURE BELT I-QUALITY 2540X 2800	2016-11-17	1	160030.35	46	1.0
ac154a4bb774dc75b33ee1e34e9cb842	C	123052320	NO-CRUSH-ROLLER 165X65X50	2016-11-17	1	23942.65	46	50.0
0e0be96fb304eaef7a6b6ee32042fff0	C	P030FR001	FREIGHT CHARGES	2016-11-23	1	5963.33	47	1.0
e53a945ef61c9c6cec090b70acffa6a1	C	101684300	BALL SCREW KGT-S-3240X2727	2016-11-28	0	115415.26	48	3.0
e53a945ef61c9c6cec090b70acffa6a1	C	101567900	KEY 12X8X500	2016-11-28	0	4821.23	48	8.0
e53a945ef61c9c6cec090b70acffa6a1	C	P030PA001	PACKING	2016-11-28	0	3847.31	48	1.0
e53a945ef61c9c6cec090b70acffa6a1	C	P030FR001	FREIGHT CHARGES	2016-11-28	0	9666.37	48	1.0
3e321c52b6a1fba5cc004dd778323daf	C	143402900	SERVO CONTROLLER 13A/3PH/400V/5,5KW	2016-11-30	0	83110.2	48	1.0
31deb498805dc282f86d52db94ae1cd2	C	P030FR001	FREIGHT CHARGES	2016-11-30	0	38991.97	48	1.0
d5500754225ce6ada8d201181197ff44	C	132936409	MODULE 82-VECTOR	2016-11-30	0	14180.37	48	2.0
d5500754225ce6ada8d201181197ff44	C	110991001	PACKING CHARGES (CARTON) 200X200X150	2016-11-30	0	192.37	48	1.0
3e8dd8360ebe2bf6b0187e105dacf8fe	C	105406902	GRINDING WHEEL 50X10X16	2016-12-05	1	5722.88	49	5.0
3e8dd8360ebe2bf6b0187e105dacf8fe	C	105303998	DISC CUT KNIFE 240X1,2MM,28°	2016-12-05	1	4648.38	49	1.0
2e63cf351dc57a182dc1ccd96adfdcf3	C	122673500	BALL VALVE DN 20; PN 40	2016-12-05	0	4766.82	49	1.0
2e63cf351dc57a182dc1ccd96adfdcf3	C	110991000	PACKING CHARGES (CARTON) 200X200X80	2016-12-05	0	192.37	49	1.0
2e6603d1d8db7a23e2bded7842894a0b	C	P030PA001	PACKING	2016-12-05	1	192.37	49	1.0
2e6603d1d8db7a23e2bded7842894a0b	C	P030FR001	FREIGHT CHARGES	2016-12-05	1	1610.38	49	1.0
ddfd3d33ef1a10b590c3cb44d1e350dd	C	105303998	DISC CUT KNIFE 240X1,2MM,28°	2016-12-07	1	4648.38	49	1.0
ddfd3d33ef1a10b590c3cb44d1e350dd	C	105406902	GRINDING WHEEL 50X10X16	2016-12-07	1	4578.3	49	4.0
12b6d079b79ca196f92242cd18caddd7	C	P030FR001	FREIGHT CHARGES	2016-12-07	1	1231.41	49	1.0
12b6d079b79ca196f92242cd18caddd7	C	P030PA001	PACKING	2016-12-07	1	1099.23	49	1.0
e43c2747c8b88f10446792743f28f8ee	C	101961692	SCORING PROFILE 200X30	2016-12-15	0	92780.7	50	12.0
e43c2747c8b88f10446792743f28f8ee	C	101961691	SCORING PROFILE 200X30	2016-12-15	0	92780.7	50	12.0
377e0ec5281a2dc905b7f60457083827	C	P030PA001	PACKING	2017-01-12	1	192.37	2	1.0
377e0ec5281a2dc905b7f60457083827	C	P030FR001	FREIGHT CHARGES	2017-01-12	1	3172.93	2	1.0
0e7b88c2c0e027c0be9a7d74f694f52b	C	122673500	BALL VALVE DN 20; PN 40	2017-01-31	0	4766.82	5	1.0
0e7b88c2c0e027c0be9a7d74f694f52b	C	110991000	PACKING CHARGES (CARTON) 200X200X80	2017-01-31	0	192.37	5	1.0
2c77e06cd5d496b59e95af83f625c548	C	110191900	PRESSURE SPRING 3,60X25,0X74,6	2017-02-01	0	835.42	5	7.0
2c77e06cd5d496b59e95af83f625c548	C	110191901	PRESSURE SPRING 2,30X17,7X60,9	2017-02-01	0	543.57	5	8.0
2c77e06cd5d496b59e95af83f625c548	C	110086900	FLAT STEEL FL.25X10X127	2017-02-01	0	8025.22	5	22.0
2c77e06cd5d496b59e95af83f625c548	C	110087000	AXLE	2017-02-01	0	5898.48	5	11.0
2c77e06cd5d496b59e95af83f625c548	C	110086700	AXLE	2017-02-01	0	13410.08	5	22.0
2c77e06cd5d496b59e95af83f625c548	C	110086600	FIXATION PIECE	2017-02-01	0	13531.27	5	22.0
2c77e06cd5d496b59e95af83f625c548	C	110087200	SHOE	2017-02-01	0	34560.14	5	7.0
2c77e06cd5d496b59e95af83f625c548	C	115213100	SHOE	2017-02-01	0	11616.96	5	2.0
2c77e06cd5d496b59e95af83f625c548	C	115213000	SHOE	2017-02-01	0	11616.69	5	2.0
2c77e06cd5d496b59e95af83f625c548	C	110086800	PLATE	2017-02-01	0	9710.07	5	22.0
2c77e06cd5d496b59e95af83f625c548	C	110680400	PACKING CHARGES (PAL-BOX I) 830X580X680	2017-02-01	0	1099.23	5	1.0
b42fce2d5e7f50555b041807e7733154	C	106606930	CLEAN-OUT FINGER 1,0X98X81.5	2017-02-06	1	21489.99	6	100.0
b42fce2d5e7f50555b041807e7733154	C	107254200	FELT 60X45MMX10	2017-02-06	1	629.86	6	29.0
b42fce2d5e7f50555b041807e7733154	C	106606921	CLEAN-OUT FINGER BL1.0X98X90LG	2017-02-06	1	4477.72	6	71.0
00fca15dff554ddcf8201b5c2f771fe2	C	101684300	BALL SCREW KGT-S-3240X2727	2017-02-14	0	45216.92	7	1.0
00fca15dff554ddcf8201b5c2f771fe2	C	V00000001	PACKING CHARGES (BOX) 3100X140X230MM	2017-02-14	0	1923.66	7	1.0
88aa75c0db0e1b941d96ce7a495c2514	C	102675800	COUPLING 8/10MM	2017-02-24	0	19988.16	8	8.0
88aa75c0db0e1b941d96ce7a495c2514	C	284050900	LIMIT SWITCH ROLLENSTÖSSEL 1S/1Ö	2017-02-24	0	1465.0	8	1.0
88aa75c0db0e1b941d96ce7a495c2514	C	105114700	PROXIMITY SWITCH 10-30VDC/PNP/M8/1,5MM	2017-02-24	0	12356.74	8	4.0
88aa75c0db0e1b941d96ce7a495c2514	C	118308700	PACKING CHARGES (CARTON) 330X163X172 MM	2017-02-24	0	192.37	8	1.0
7902fa5356d164e61aafbfd5e914511e	C	P030PA001	PACKING	2017-02-27	1	192.37	9	1.0
7902fa5356d164e61aafbfd5e914511e	C	P030FR001	FREIGHT CHARGES	2017-02-27	1	1660.12	9	1.0
42f4fe6448f2da203b9e624e1189f18b	C	138419	RETAINER RING 95X2,5	2017-02-28	0	167.91	9	2.0
42f4fe6448f2da203b9e624e1189f18b	C	136251	TAPERED ROLLER BEARING 60X95X26	2017-02-28	0	9570.19	9	4.0
42f4fe6448f2da203b9e624e1189f18b	C	137363	LOCKING PLATE 60	2017-02-28	0	178.9	9	2.0
42f4fe6448f2da203b9e624e1189f18b	C	507098	NUT FOR SHAFT M 60X2X6	2017-02-28	0	1478.74	9	2.0
42f4fe6448f2da203b9e624e1189f18b	C	600287	WIPER 40X 50X 5	2017-02-28	0	310.26	9	4.0
42f4fe6448f2da203b9e624e1189f18b	C	110991001	PACKING CHARGES (CARTON) 200X200X150	2017-02-28	0	192.37	9	1.0
b75ffaaf3a234fabf72b7401ec22bb11	C	105303998	DISC CUT KNIFE 240X1,2MM,28°	2017-03-09	1	37187.03	10	8.0
b75ffaaf3a234fabf72b7401ec22bb11	C	105406902	GRINDING WHEEL 50X10X16	2017-03-09	1	6867.45	10	6.0
b0b8bc73961199b6a019038ad62906f7	C	P030PA001	PACKING	2017-03-09	1	192.37	10	1.0
b0b8bc73961199b6a019038ad62906f7	C	P030FR001	FREIGHT CHARGES	2017-03-09	1	3676.93	10	1.0
17c91a44cb25d40db1df4776a69d84f6	C	103101000	PLASTIC PLATE 60X6X180	2017-04-06	1	3700.02	14	24.0
17c91a44cb25d40db1df4776a69d84f6	C	105303998	DISC CUT KNIFE 240X1,2MM,28°	2017-04-06	1	4648.38	14	1.0
17c91a44cb25d40db1df4776a69d84f6	C	106606921	CLEAN-OUT FINGER BL1.0X98X90LG	2017-04-06	1	567.48	14	9.0
17c91a44cb25d40db1df4776a69d84f6	C	107254200	FELT 60X45MMX10	2017-04-06	1	1520.51	14	70.0
17c91a44cb25d40db1df4776a69d84f6	C	110658000	TOOTHED BELT 15X 5X 500	2017-04-06	1	476.52	14	2.0
17c91a44cb25d40db1df4776a69d84f6	C	163270925	SCRAPER BLADE CORRUDUR® 2550X50X1,5	2017-04-06	1	1284.73	14	1.0
1193f4b0f921378f411ff33f57cdeb33	C	101519000	CARDAN SHAFT S= 270 X= 40	2017-04-12	0	14716.25	15	1.0
1193f4b0f921378f411ff33f57cdeb33	C	118308700	PACKING CHARGES (CARTON) 330X163X172 MM	2017-04-12	0	192.37	15	1.0
ec72315d5578333cc6b14d07c5d2fbf3	C	105406902	GRINDING WHEEL 50X10X16	2017-04-13	0	8527.57	15	6.0
ec72315d5578333cc6b14d07c5d2fbf3	C	110991000	PACKING CHARGES (CARTON) 200X200X80	2017-04-13	0	192.37	15	1.0
6be2cb445cc4f60279d46545c1e78855	C	106606930	CLEAN-OUT FINGER 1,0X98X81.5	2017-04-28	1	6661.9	17	31.0
6be2cb445cc4f60279d46545c1e78855	C	105406902	GRINDING WHEEL 50X10X16	2017-04-28	1	6867.45	17	6.0
6be2cb445cc4f60279d46545c1e78855	C	106606921	CLEAN-OUT FINGER BL1.0X98X90LG	2017-04-28	1	3910.24	17	62.0
6be2cb445cc4f60279d46545c1e78855	C	107254200	FELT 60X45MMX10	2017-04-28	1	955.78	17	44.0
6be2cb445cc4f60279d46545c1e78855	C	105303998	DISC CUT KNIFE 240X1,2MM,28°	2017-04-28	1	13945.13	17	3.0
eac6e12f36e7da6b6a0c5b34f916a3d4	C	P030PA001	PACKING	2017-05-02	1	384.73	18	1.0
eac6e12f36e7da6b6a0c5b34f916a3d4	C	P030FR001	FREIGHT CHARGES	2017-05-02	1	2224.57	18	1.0
a7c46f4edc89e66f7297e234a4e2a35f	C	P030PA001	PACKING	2017-05-04	1	192.37	18	1.0
a7c46f4edc89e66f7297e234a4e2a35f	C	P030FR001	FREIGHT CHARGES	2017-05-04	1	3861.05	18	1.0
24d7f1e06beefc8ad417dfdb302a9111	C	185513.01	SPRING ELEMENT 25X  31	2017-05-23	0	3145.73	21	4.0
24d7f1e06beefc8ad417dfdb302a9111	C	110991000	PACKING CHARGES (CARTON) 200X200X80	2017-05-23	0	192.37	21	1.0
27f793d5568ad41a6b9180699bdb065c	C	105406902	GRINDING WHEEL 50X10X16	2017-06-02	1	2289.15	22	2.0
27f793d5568ad41a6b9180699bdb065c	C	107254200	FELT 60X45MMX10	2017-06-02	1	912.36	22	42.0
27f793d5568ad41a6b9180699bdb065c	C	105303998	DISC CUT KNIFE 240X1,2MM,28°	2017-06-02	1	4648.38	22	1.0
27f793d5568ad41a6b9180699bdb065c	C	105073800	KNIFE 2540X30X8 AB2500	2017-06-02	1	44638.45	22	1.0
27f793d5568ad41a6b9180699bdb065c	C	113115001	UPPER KNIFE L=2540 AB=2500	2017-06-02	1	44638.45	22	1.0
3870221cb61be42056d0467ddc7945b8	C	132936415	FREQUENCY CONTROLLER 5,5A 1,5KW	2017-06-14	0	19561.11	24	1.0
3870221cb61be42056d0467ddc7945b8	C	118308700	PACKING CHARGES (CARTON) 330X163X172 MM	2017-06-14	0	192.37	24	1.0
d853665252824bb6f1b53ec81857e49d	C	105406902	GRINDING WHEEL 50X10X16	2017-06-20	1	4578.3	25	4.0
d853665252824bb6f1b53ec81857e49d	C	111125301	GLUE DAM JOINT 3X260X220	2017-06-20	1	3036.63	25	2.0
d853665252824bb6f1b53ec81857e49d	C	107254200	FELT 60X45MMX10	2017-06-20	1	912.36	25	42.0
d853665252824bb6f1b53ec81857e49d	C	111125199	GLUE DAM JOINT 3X128X197	2017-06-20	1	2756.32	25	2.0
d853665252824bb6f1b53ec81857e49d	C	111125198	GLUE DAM JOINT 3X128X197	2017-06-20	1	2756.32	25	2.0
d853665252824bb6f1b53ec81857e49d	C	105303998	DISC CUT KNIFE 240X1,2MM,28°	2017-06-20	1	9296.76	25	2.0
d853665252824bb6f1b53ec81857e49d	C	163270925	SCRAPER BLADE CORRUDUR® 2550X50X1,5	2017-06-20	1	1284.73	25	1.0
d412400bf3fe300d68a4e88d3bd3d24d	C	P030PA001	PACKING	2017-06-20	1	192.37	25	1.0
d412400bf3fe300d68a4e88d3bd3d24d	C	P030FR001	FREIGHT CHARGES	2017-06-20	1	3759.37	25	1.0
ed5a3c2a1702641ef3d47eaee6bdccef	C	P030PA001	PACKING	2017-06-21	1	192.37	25	1.0
ed5a3c2a1702641ef3d47eaee6bdccef	C	P030FR001	FREIGHT CHARGES	2017-06-21	1	2459.53	25	1.0
afe8bdb61be91774f929d0fd2fa2b151	C	P030FR001	FREIGHT CHARGES	2017-06-22	1	2965.45	25	1.0
afe8bdb61be91774f929d0fd2fa2b151	C	P030PA001	PACKING	2017-06-22	1	192.37	25	1.0
afe8bdb61be91774f929d0fd2fa2b151	C	P030PA001	PACKING	2017-06-22	1	1374.04	25	1.0
51a86e5f3ddb0ae7559e480f4ec7c1d9	C	600703	AIR FILTER R 1/2"	2017-06-26	0	6146.08	26	4.0
51a86e5f3ddb0ae7559e480f4ec7c1d9	C	118308200	PACKING CHARGES (CARTON) 350X60X350 MM	2017-06-26	0	192.37	26	1.0
39b3b54f4354bd0b4ec5ef28be195631	C	105406902	GRINDING WHEEL 50X10X16	2017-07-04	1	2289.15	27	2.0
39b3b54f4354bd0b4ec5ef28be195631	C	107440100	NAP FOIL 120 MM BR/25 M	2017-07-04	1	9320.12	27	25.0
39b3b54f4354bd0b4ec5ef28be195631	C	185951	TOOTHED BELT HTD 30X 8X1120	2017-07-04	1	957.71	27	2.0
39b3b54f4354bd0b4ec5ef28be195631	C	101284300	TOOTHED BELT HTD 20X 8X1600	2017-07-04	1	962.38	27	2.0
39b3b54f4354bd0b4ec5ef28be195631	C	181302	SEALING RING 89,1X59,7X19,5 MM	2017-07-04	1	3316.93	27	2.0
39b3b54f4354bd0b4ec5ef28be195631	C	101641600	TOOTHED BELT HTD 18X 5X 700	2017-07-04	1	434.47	27	1.0
39b3b54f4354bd0b4ec5ef28be195631	C	105535600	TOOTHED BELT 18X 5X 560	2017-07-04	1	327.02	27	1.0
9a1c9eb31d53e15c4cdf5f4387c5a85b	C	105406902	GRINDING WHEEL 50X10X16	2017-07-04	1	-2289.15	27	-2.0
9a1c9eb31d53e15c4cdf5f4387c5a85b	C	107440100	NAP FOIL 120 MM BR/25 M	2017-07-04	1	-9320.12	27	-25.0
9a1c9eb31d53e15c4cdf5f4387c5a85b	C	185951	TOOTHED BELT HTD 30X 8X1120	2017-07-04	1	-957.71	27	-2.0
9a1c9eb31d53e15c4cdf5f4387c5a85b	C	101284300	TOOTHED BELT HTD 20X 8X1600	2017-07-04	1	-962.38	27	-2.0
9a1c9eb31d53e15c4cdf5f4387c5a85b	C	181302	SEALING RING 89,1X59,7X19,5 MM	2017-07-04	1	-3316.93	27	-2.0
9a1c9eb31d53e15c4cdf5f4387c5a85b	C	101641600	TOOTHED BELT HTD 18X 5X 700	2017-07-04	1	-434.47	27	-1.0
9a1c9eb31d53e15c4cdf5f4387c5a85b	C	105535600	TOOTHED BELT 18X 5X 560	2017-07-04	1	-327.02	27	-1.0
412f3915b77d8b61c51ed4d99cd87764	C	105406902	GRINDING WHEEL 50X10X16	2017-07-05	1	2289.15	27	2.0
412f3915b77d8b61c51ed4d99cd87764	C	107440100	NAP FOIL 120 MM BR/25 M	2017-07-05	1	9320.12	27	25.0
412f3915b77d8b61c51ed4d99cd87764	C	185951	TOOTHED BELT HTD 30X 8X1120	2017-07-05	1	957.71	27	2.0
412f3915b77d8b61c51ed4d99cd87764	C	101284300	TOOTHED BELT HTD 20X 8X1600	2017-07-05	1	962.38	27	2.0
412f3915b77d8b61c51ed4d99cd87764	C	181302	SEALING RING 89,1X59,7X19,5 MM	2017-07-05	1	3316.93	27	2.0
412f3915b77d8b61c51ed4d99cd87764	C	101641600	TOOTHED BELT HTD 18X 5X 700	2017-07-05	1	434.47	27	1.0
412f3915b77d8b61c51ed4d99cd87764	C	105535600	TOOTHED BELT 18X 5X 560	2017-07-05	1	327.02	27	1.0
412f3915b77d8b61c51ed4d99cd87764	C	105535600	TOOTHED BELT 18X 5X 560	2017-07-05	1	327.02	27	1.0
3c8cc1bc53e4e302c90848e6cd3a3a27	C	107254200	FELT 60X45MMX10	2017-07-07	1	304.21	27	14.0
5c0fc0d7d7f04fa674227ea47a474500	C	105406902	GRINDING WHEEL 50X10X16	2017-07-14	1	6867.45	28	6.0
5c0fc0d7d7f04fa674227ea47a474500	C	105303998	DISC CUT KNIFE 240X1,2MM,28°	2017-07-14	1	13945.13	28	3.0
e2e5eb59afe266f9dce652cf57771fc2	C	109152510	SERVO CONTROLLER BUM 616-12/18	2017-07-17	0	49590.49	29	1.0
e2e5eb59afe266f9dce652cf57771fc2	C	V00000025	PACKING CHARGES (CARTON)	2017-07-17	0	192.37	29	1.0
e65f24365485753025130b114b4f194b	C	105073800	KNIFE 2540X30X8 AB2500	2017-07-20	1	44638.45	29	1.0
e65f24365485753025130b114b4f194b	C	113115001	UPPER KNIFE L=2540 AB=2500	2017-07-20	1	44638.45	29	1.0
45e193973b5badceb15f2ef8cf821b7b	C	P030PA001	PACKING	2017-07-20	1	197.86	29	1.0
45e193973b5badceb15f2ef8cf821b7b	C	P030FR001	FREIGHT CHARGES	2017-07-20	1	2521.91	29	1.0
4615ae387b27fbd31bd04b304d560051	C	P030FR001	FREIGHT CHARGES	2017-07-20	1	3521.67	29	1.0
4615ae387b27fbd31bd04b304d560051	C	P030PA001	PACKING	2017-07-20	1	197.86	29	1.0
8f92ac685c6a1f210fd893cca9bd5974	C	107254200	FELT 60X45MMX10	2017-07-07	1	-304.21	27	-14.0
a1ca76213a88ed4e1d561dab1449f47f	C	P030PA001	PACKING	2017-07-27	1	1374.04	30	1.0
a1ca76213a88ed4e1d561dab1449f47f	C	P030FR001	FREIGHT CHARGES	2017-07-27	1	1231.41	30	1.0
b8ec5c7ff1c5216196724fb8798e0a70	C	105406902	GRINDING WHEEL 50X10X16	2017-07-31	1	4578.3	31	4.0
b8ec5c7ff1c5216196724fb8798e0a70	C	107254200	FELT 60X45MMX10	2017-07-31	1	43.42	31	2.0
b8ec5c7ff1c5216196724fb8798e0a70	C	107254200	FELT 60X45MMX10	2017-07-31	1	304.21	31	14.0
b8ec5c7ff1c5216196724fb8798e0a70	C	107988610	TOOTHED BELT HTD 50X8MX2000 CXP	2017-07-31	1	3830.82	31	1.0
b8ec5c7ff1c5216196724fb8798e0a70	C	105303998	DISC CUT KNIFE 240X1,2MM,28°	2017-07-31	1	13945.13	31	3.0
b86fe834e9e8fd67364c2d013c77cf2d	C	P030PA001	PACKING	2017-08-04	1	197.86	31	1.0
b86fe834e9e8fd67364c2d013c77cf2d	C	P030FR001	FREIGHT CHARGES	2017-08-04	1	2709.61	31	1.0
82b681306e055dd150b7b57efc4be600	C	122709	DISK 12	2017-08-09	0	510.04	32	4.0
82b681306e055dd150b7b57efc4be600	C	122332	HEXAGONAL NUT M12	2017-08-09	0	1173.98	32	4.0
82b681306e055dd150b7b57efc4be600	C	131672110	O-RING 53,57X3,53	2017-08-09	0	1547.17	32	3.0
82b681306e055dd150b7b57efc4be600	C	110991000	PACKING CHARGES (CARTON) 200X200X80	2017-08-09	0	192.37	32	1.0
fa0903f168ef0351bef85f1ac4aea268	C	109152510	SERVO CONTROLLER BUM 616-12/18	2017-08-23	0	51228.34	34	1.0
fa0903f168ef0351bef85f1ac4aea268	C	110991004	PACKING CHARGES (CARTON) 610X410X230	2017-08-23	0	192.37	34	1.0
5d6e792990e83d1267086a71ccd14519	C	108224310	SEAL 15X175X71  CUZN	2017-09-11	0	5249.93	37	2.0
5d6e792990e83d1267086a71ccd14519	C	108224010	SEAL 10X245X223,5	2017-09-11	0	6615.18	37	2.0
5d6e792990e83d1267086a71ccd14519	C	118308700	PACKING CHARGES (CARTON) 330X163X172 MM	2017-09-11	0	192.37	37	1.0
8dddd2c97f56f4e8e8a8d63e50ea0c36	C	106606930	CLEAN-OUT FINGER 1,0X98X81.5	2017-09-14	1	17191.99	37	80.0
8dddd2c97f56f4e8e8a8d63e50ea0c36	C	105406902	GRINDING WHEEL 50X10X16	2017-09-14	1	9156.6	37	8.0
8dddd2c97f56f4e8e8a8d63e50ea0c36	C	118027801	PRESSURE BELT I-QUALITY 2540X 2800	2017-09-14	1	160030.35	37	1.0
8dddd2c97f56f4e8e8a8d63e50ea0c36	C	107254200	FELT 60X45MMX10	2017-09-14	1	608.15	37	28.0
8dddd2c97f56f4e8e8a8d63e50ea0c36	C	105303998	DISC CUT KNIFE 240X1,2MM,28°	2017-09-14	1	13945.13	37	3.0
4884a50e5c5e9ba77a994fba15384111	C	135620122	CARBON BRUSH	2017-09-26	0	2969.3	39	1.0
4884a50e5c5e9ba77a994fba15384111	C	110991000	PACKING CHARGES (CARTON) 200X200X80	2017-09-26	0	192.37	39	1.0
f6764834101d88e3fc9c77c14c3c972f	C	102321501	FLEXIBLE HOSE D-140X 2000LG	2017-10-06	0	15885.83	40	2.0
f6764834101d88e3fc9c77c14c3c972f	C	108224110	SEAL 10X173X100,5	2017-10-06	0	4373.3	40	2.0
f6764834101d88e3fc9c77c14c3c972f	C	102429401	SEAL 10X360X205	2017-10-06	0	9888.97	40	2.0
f6764834101d88e3fc9c77c14c3c972f	C	102321500	FLEXIBLE HOSE D-140X 3000LG	2017-10-06	0	9361.61	40	1.0
f6764834101d88e3fc9c77c14c3c972f	C	135620122	CARBON BRUSH	2017-10-06	0	13229.81	40	11.0
f6764834101d88e3fc9c77c14c3c972f	C	110680400	PACKING CHARGES (PAL-BOX I) 830X580X680	2017-10-06	0	1099.23	40	1.0
27fbeb97ccb44f80fb095cf48225f324	C	105406902	GRINDING WHEEL 50X10X16	2017-10-11	1	2289.15	41	2.0
27fbeb97ccb44f80fb095cf48225f324	C	111125301	GLUE DAM JOINT 3X260X220	2017-10-11	1	3036.63	41	2.0
27fbeb97ccb44f80fb095cf48225f324	C	107254200	FELT 60X45MMX10	2017-10-11	1	608.15	41	28.0
27fbeb97ccb44f80fb095cf48225f324	C	111125199	GLUE DAM JOINT 3X128X197	2017-10-11	1	1378.16	41	1.0
27fbeb97ccb44f80fb095cf48225f324	C	111125198	GLUE DAM JOINT 3X128X197	2017-10-11	1	1378.16	41	1.0
27fbeb97ccb44f80fb095cf48225f324	C	105303998	DISC CUT KNIFE 240X1,2MM,28°	2017-10-11	1	18593.51	41	4.0
0cf2766255c0aedd86df04b49ef519eb	C	108633400	TRANSMITTER 2*4096	2017-10-13	0	40225.3	41	1.0
0cf2766255c0aedd86df04b49ef519eb	C	110991001	PACKING CHARGES (CARTON) 200X200X150	2017-10-13	0	192.37	41	1.0
bdff3b5114eff46967f9aaa937cd5e00	C	122709	DISK 12	2017-10-16	0	-67.33	42	-4.0
bdff3b5114eff46967f9aaa937cd5e00	C	122332	HEXAGONAL NUT M12	2017-10-16	0	-67.33	42	-4.0
bdff3b5114eff46967f9aaa937cd5e00	C	131672110	O-RING 53,57X3,53	2017-10-16	0	-1436.42	42	-3.0
bdff3b5114eff46967f9aaa937cd5e00	C	110991000	PACKING CHARGES (CARTON) 200X200X80	2017-10-16	0	-192.37	42	-1.0
278fe65445e08b64972c0c6a4c6e5a6a	C	105406902	GRINDING WHEEL 50X10X16	2017-10-31	1	6867.45	44	6.0
278fe65445e08b64972c0c6a4c6e5a6a	C	107254200	FELT 60X45MMX10	2017-10-31	1	608.15	44	28.0
278fe65445e08b64972c0c6a4c6e5a6a	C	111125198	GLUE DAM JOINT 3X128X197	2017-10-31	1	1378.16	44	1.0
278fe65445e08b64972c0c6a4c6e5a6a	C	123052320	NO-CRUSH-ROLLER 165X65X50	2017-10-31	1	4788.53	44	10.0
278fe65445e08b64972c0c6a4c6e5a6a	C	105303998	DISC CUT KNIFE 240X1,2MM,28°	2017-10-31	1	13945.13	44	3.0
0878aadd29c4ef0ba4114e9dbf1d0d8f	C	103422800	MAGNET D50X10XM 6	2017-11-03	0	6102.39	44	10.0
0878aadd29c4ef0ba4114e9dbf1d0d8f	C	122580	KNURLED SCREW M6X10	2017-11-03	0	1021.19	44	10.0
0878aadd29c4ef0ba4114e9dbf1d0d8f	C	110991001	PACKING CHARGES (CARTON) 200X200X150	2017-11-03	0	192.37	44	1.0
4292b474acb66cb07699f04bed559359	C	105406902	GRINDING WHEEL 50X10X16	2017-11-06	1	2289.15	45	2.0
4292b474acb66cb07699f04bed559359	C	105303998	DISC CUT KNIFE 240X1,2MM,28°	2017-11-06	1	4648.38	45	1.0
8da5186edd0a6be86e81d1007758f7ae	C	184288.08	SCRAPER BLADE 2565X50X0,8	2017-11-17	0	4588.2	46	2.0
8da5186edd0a6be86e81d1007758f7ae	C	118308200	PACKING CHARGES (CARTON) 350X60X350 MM	2017-11-17	0	192.37	46	1.0
a283ae8316256b64b7281ba7a8080c83	C	P030PA001	PACKING	2017-11-21	1	197.86	47	1.0
a283ae8316256b64b7281ba7a8080c83	C	P030FR001	FREIGHT CHARGES	2017-11-21	1	1660.12	47	1.0
8c3f0b2d6790852e8e9e4bb5054d01e3	C	142697101	FLAT SPRING 0,5X10X17X91	2017-11-23	0	2595.29	47	20.0
8c3f0b2d6790852e8e9e4bb5054d01e3	C	111436100	ROUND HEAD GROOVED PIN 3X8	2017-11-23	0	1087.69	47	40.0
8c3f0b2d6790852e8e9e4bb5054d01e3	C	110991000	PACKING CHARGES (CARTON) 200X200X80	2017-11-23	0	192.37	47	1.0
3f00bab88153f46b3a28845c94569c58	C	105406902	GRINDING WHEEL 50X10X16	2017-11-23	1	6867.45	47	6.0
3f00bab88153f46b3a28845c94569c58	C	107254200	FELT 60X45MMX10	2017-11-23	1	608.15	47	28.0
3f00bab88153f46b3a28845c94569c58	C	111125198	GLUE DAM JOINT 3X128X197	2017-11-23	1	1378.16	47	1.0
3f00bab88153f46b3a28845c94569c58	C	123052320	NO-CRUSH-ROLLER 165X65X50	2017-11-23	1	4788.53	47	10.0
3f00bab88153f46b3a28845c94569c58	C	105303998	DISC CUT KNIFE 240X1,2MM,28°	2017-11-23	1	13945.13	47	3.0
151bcb9cfd2d87c97962f0888a02a9e1	C	P030PA001	PACKING	2017-11-30	1	197.86	48	1.0
151bcb9cfd2d87c97962f0888a02a9e1	C	P030FR001	FREIGHT CHARGES	2017-11-30	1	3814.61	48	1.0
0493656731ac23ac86802469d43d8753	C	P030PA001	PACKING	2017-12-06	1	4361.2	49	1.0
0493656731ac23ac86802469d43d8753	C	P030FR001	FREIGHT CHARGES	2017-12-06	1	2429.85	49	1.0
0493656731ac23ac86802469d43d8753	C	P030PA001	PACKING	2017-12-06	1	197.86	49	1.0
0493656731ac23ac86802469d43d8753	C	P030FR001	FREIGHT CHARGES	2017-12-06	1	3364.48	49	1.0
0493656731ac23ac86802469d43d8753	C	P030PA001	PACKING	2017-12-06	1	197.86	49	1.0
0493656731ac23ac86802469d43d8753	C	P030FR001	FREIGHT CHARGES	2017-12-06	1	4001.75	49	1.0
d73220c1ce2666e5db94b028f4fea3d2	C	P030PA001	PACKING	2017-12-06	1	-4361.2	49	-1.0
d73220c1ce2666e5db94b028f4fea3d2	C	P030FR001	FREIGHT CHARGES	2017-12-06	1	-2429.85	49	-1.0
d73220c1ce2666e5db94b028f4fea3d2	C	P030PA001	PACKING	2017-12-06	1	-197.86	49	-1.0
d73220c1ce2666e5db94b028f4fea3d2	C	P030FR001	FREIGHT CHARGES	2017-12-06	1	-3364.48	49	-1.0
d73220c1ce2666e5db94b028f4fea3d2	C	P030PA001	PACKING	2017-12-06	1	-197.86	49	-1.0
d73220c1ce2666e5db94b028f4fea3d2	C	P030FR001	FREIGHT CHARGES	2017-12-06	1	-4001.75	49	-1.0
92065b9582c7dc7a835850814ed4f9e2	C	P030PA001	PACKING	2017-12-14	1	4361.2	50	1.0
92065b9582c7dc7a835850814ed4f9e2	C	P030FR001	FREIGHT CHARGES	2017-12-14	1	2429.85	50	1.0
92065b9582c7dc7a835850814ed4f9e2	C	P030PA001	PACKING	2017-12-14	1	197.86	50	1.0
92065b9582c7dc7a835850814ed4f9e2	C	P030FR001	FREIGHT CHARGES	2017-12-14	1	3364.48	50	1.0
92065b9582c7dc7a835850814ed4f9e2	C	P030PA001	PACKING	2017-12-14	1	197.86	50	1.0
92065b9582c7dc7a835850814ed4f9e2	C	P030FR001	FREIGHT CHARGES	2017-12-14	1	4001.75	50	1.0
dbdc2cbf8298e46f3b5cba37e9f9f87e	C	105406902	GRINDING WHEEL 50X10X16	2017-12-15	1	11445.76	50	10.0
dbdc2cbf8298e46f3b5cba37e9f9f87e	C	107440100	NAP FOIL 120 MM BR/25 M	2017-12-15	1	9320.12	50	25.0
dbdc2cbf8298e46f3b5cba37e9f9f87e	C	107254200	FELT 60X45MMX10	2017-12-15	1	608.15	50	28.0
dbdc2cbf8298e46f3b5cba37e9f9f87e	C	105303998	DISC CUT KNIFE 240X1,2MM,28°	2017-12-15	1	9296.76	50	2.0
dbdc2cbf8298e46f3b5cba37e9f9f87e	C	123052320	NO-CRUSH-ROLLER 165X65X50	2017-12-15	1	11971.19	50	25.0
b024885fd8977ccfdadb1739ff1e787e	C	105406902	GRINDING WHEEL 50X10X16	2017-12-15	1	-6867.45	50	-6.0
b024885fd8977ccfdadb1739ff1e787e	C	107254200	FELT 60X45MMX10	2017-12-15	1	-608.15	50	-28.0
b024885fd8977ccfdadb1739ff1e787e	C	111125198	GLUE DAM JOINT 3X128X197	2017-12-15	1	-1378.16	50	-1.0
b024885fd8977ccfdadb1739ff1e787e	C	123052320	NO-CRUSH-ROLLER 165X65X50	2017-12-15	1	-4788.53	50	-10.0
b024885fd8977ccfdadb1739ff1e787e	C	105303998	DISC CUT KNIFE 240X1,2MM,28°	2017-12-15	1	-13945.13	50	-3.0
6bd1360a2e8ae5a40a7415ca88dbae60	C	105303998	DISC CUT KNIFE 240X1,2MM,28°	2017-12-18	1	9296.76	51	2.0
8435ed1a65ee6c91865450aa12973e3f	C	P030PA001	PACKING	2017-12-29	1	197.86	52	1.0
8435ed1a65ee6c91865450aa12973e3f	C	P030FR001	FREIGHT CHARGES	2017-12-29	1	6005.93	52	1.0
cf8c6a2d0313827b2522133c566f2a93	C	103497200	SET OF SPARE PARTS TESA	2018-01-11	0	5023.77	2	10.0
cf8c6a2d0313827b2522133c566f2a93	C	110991001	PACKING CHARGES (CARTON) 200X200X150	2018-01-11	0	197.86	2	1.0
cf7459f1d6ee560c166b3e1261a3fdfe	C	105114700	PROXIMITY SWITCH 10-30VDC/PNP/M8/1,5MM	2018-01-15	0	8014.78	3	2.0
cf7459f1d6ee560c166b3e1261a3fdfe	C	110991000	PACKING CHARGES (CARTON) 200X200X80	2018-01-15	0	197.86	3	1.0
9eed1001278a6d65c571f6b357dd6da4	C	143402900	SERVO CONTROLLER 13A/3PH/400V/5,5KW	2018-02-01	0	94583.99	5	1.0
9eed1001278a6d65c571f6b357dd6da4	C	110991003	PACKING CHARGES (CARTON) 360X360X250	2018-02-01	0	197.86	5	1.0
49aecbdfc1fafdac97ca452736554f86	C	105406902	GRINDING WHEEL 50X10X16	2018-02-06	1	6867.45	6	6.0
49aecbdfc1fafdac97ca452736554f86	C	107254200	FELT 60X45MMX10	2018-02-06	1	608.15	6	28.0
49aecbdfc1fafdac97ca452736554f86	C	123052320	NO-CRUSH-ROLLER 165X65X50	2018-02-06	1	3830.82	6	8.0
49aecbdfc1fafdac97ca452736554f86	C	105303998	DISC CUT KNIFE 240X1,2MM,28°	2018-02-06	1	13945.13	6	3.0
5543d4ccc8949fdaafd6f72a8e2f197d	C	P030PA001	PACKING	2018-02-09	1	197.86	6	1.0
5543d4ccc8949fdaafd6f72a8e2f197d	C	P030FR001	FREIGHT CHARGES	2018-02-09	1	3948.17	6	1.0
c0a5d8027d68ec5ade0e1707c0bc15c8	C	P030FR001	FREIGHT CHARGES	2018-02-25	0	-1660.12	8	-1.0
b23a1742f1260b5c9d9700219332ddea	C	P030FR001	FREIGHT CHARGES	2018-02-25	0	1660.12	8	1.0
6f98846b38c328a097990459d86af873	C	P030FR001	FREIGHT CHARGES	2018-02-27	0	-1660.12	9	-1.0
19dc587a928804722ff627e07e6e3cde	C	105337510	PROFILED JOINT 20X25X637	2018-02-28	1	2331.2	9	2.0
19dc587a928804722ff627e07e6e3cde	C	105406902	GRINDING WHEEL 50X10X16	2018-02-28	1	4578.3	9	4.0
19dc587a928804722ff627e07e6e3cde	C	106606921	CLEAN-OUT FINGER BL1.0X98X90LG	2018-02-28	1	1261.37	9	20.0
19dc587a928804722ff627e07e6e3cde	C	107254200	FELT 60X45MMX10	2018-02-28	1	890.65	9	41.0
19dc587a928804722ff627e07e6e3cde	C	111125199	GLUE DAM JOINT 3X128X197	2018-02-28	1	2756.32	9	2.0
19dc587a928804722ff627e07e6e3cde	C	123052320	NO-CRUSH-ROLLER 165X65X50	2018-02-28	1	4788.53	9	10.0
19dc587a928804722ff627e07e6e3cde	C	163270925	SCRAPER BLADE CORRUDUR® 2550X50X1,5	2018-02-28	1	1284.73	9	1.0
19dc587a928804722ff627e07e6e3cde	C	111125198	GLUE DAM JOINT 3X128X197	2018-02-28	1	1378.16	9	1.0
18879770de4370fbdfc7d7e83d7c9e02	C	102847000	FLAT SPRING 0.5X25X111	2018-03-01	0	3773.11	9	20.0
18879770de4370fbdfc7d7e83d7c9e02	C	123943	COUNTER SUNK HEAD GROOVED PIN 3X8	2018-03-01	0	1699.14	9	80.0
18879770de4370fbdfc7d7e83d7c9e02	C	110991001	PACKING CHARGES (CARTON) 200X200X150	2018-03-01	0	197.86	9	1.0
9a7980c345e717c89c7545d23b1e3a43	C	109152510	SERVO CONTROLLER BUM 616-12/18	2018-03-09	0	82247.85	10	1.0
9a7980c345e717c89c7545d23b1e3a43	C	110991003	PACKING CHARGES (CARTON) 360X360X250	2018-03-09	0	197.86	10	1.0
1d4a9c10a1fabbc2f31928acc7e5c0e6	C	111125301	GLUE DAM JOINT 3X260X220	2018-03-20	1	1565.03	12	1.0
1d4a9c10a1fabbc2f31928acc7e5c0e6	C	107254200	FELT 60X45MMX10	2018-03-20	1	627.94	12	28.0
1d4a9c10a1fabbc2f31928acc7e5c0e6	C	111125198	GLUE DAM JOINT 3X128X197	2018-03-20	1	1424.88	12	1.0
ede9440005a524256a1fb72fd5dbe3ae	C	P030FR001	FREIGHT CHARGES	2018-03-23	1	9083.51	12	1.0
ede9440005a524256a1fb72fd5dbe3ae	C	P030PA001	PACKING	2018-03-23	1	2665.64	12	1.0
ede9440005a524256a1fb72fd5dbe3ae	C	118027801	PRESSURE BELT I-QUALITY 2540X 2800	2018-03-23	1	164515.22	12	1.0
ede9440005a524256a1fb72fd5dbe3ae	C	107254200	FELT 60X45MMX10	2018-03-23	1	313.83	12	14.0
ede9440005a524256a1fb72fd5dbe3ae	C	105303998	DISC CUT KNIFE 240X1,2MM,28°	2018-03-23	1	23942.65	12	5.0
ede9440005a524256a1fb72fd5dbe3ae	C	105406902	GRINDING WHEEL 50X10X16	2018-03-23	1	11679.34	12	10.0
cd01a253b8c5881f9a452eac183fdc42	C	104944920	LIFTING CYLINDER 32X50/24VDC	2018-03-27	0	64213.3	13	1.0
cd01a253b8c5881f9a452eac183fdc42	C	104944921	SLIDING POTENTIOMETER 5 K.OHM	2018-03-27	0	19866.15	13	1.0
cd01a253b8c5881f9a452eac183fdc42	C	104944922	PLUG 3 METER KABEL	2018-03-27	0	1249.83	13	1.0
cd01a253b8c5881f9a452eac183fdc42	C	110991002	PACKING CHARGES (CARTON) 300X300X200	2018-03-27	0	197.86	13	1.0
a26d0532de024a74ef126202916e7258	C	P030FR001	FREIGHT CHARGES	2018-03-23	1	-9083.51	12	-1.0
a26d0532de024a74ef126202916e7258	C	P030PA001	PACKING	2018-03-23	1	-2665.64	12	-1.0
a26d0532de024a74ef126202916e7258	C	118027801	PRESSURE BELT I-QUALITY 2540X 2800	2018-03-23	1	-164515.22	12	-1.0
a26d0532de024a74ef126202916e7258	C	107254200	FELT 60X45MMX10	2018-03-23	1	-313.83	12	-14.0
a26d0532de024a74ef126202916e7258	C	105303998	DISC CUT KNIFE 240X1,2MM,28°	2018-03-23	1	-23942.65	12	-5.0
a26d0532de024a74ef126202916e7258	C	105406902	GRINDING WHEEL 50X10X16	2018-03-23	1	-11679.34	12	-10.0
5be59212f0399890fe83f9f6ab422c9d	C	P030FR001	FREIGHT CHARGES	2018-03-29	1	9083.51	13	1.0
5be59212f0399890fe83f9f6ab422c9d	C	P030PA001	PACKING	2018-03-29	1	2665.64	13	1.0
5be59212f0399890fe83f9f6ab422c9d	C	118027801	PRESSURE BELT I-QUALITY 2540X 2800	2018-03-29	1	164515.22	13	1.0
5be59212f0399890fe83f9f6ab422c9d	C	107254200	FELT 60X45MMX10	2018-03-29	1	313.83	13	14.0
5be59212f0399890fe83f9f6ab422c9d	C	105303998	DISC CUT KNIFE 240X1,2MM,28°	2018-03-29	1	23942.65	13	5.0
5be59212f0399890fe83f9f6ab422c9d	C	105406902	GRINDING WHEEL 50X10X16	2018-03-29	1	11679.34	13	10.0
d9f1084edf3649e6974893b686a58da3	C	P030PA001	PACKING	2018-04-04	1	197.86	14	1.0
d9f1084edf3649e6974893b686a58da3	C	P030FR001	FREIGHT CHARGES	2018-04-04	1	2043.47	14	1.0
5bc8b20b8c3134c9a1d838593d40db26	C	143402900	SERVO CONTROLLER 13A/3PH/400V/5,5KW	2018-04-15	0	-33309.48	15	-1.0
824dfcd36165ff79b8d7e615374ae5fe	C	109152510	SERVO CONTROLLER BUM 616-12/18	2018-04-15	0	-30973.62	15	-1.0
071271d1418d72801f2d28f9af8b5943	C	139372425	FRICTION LINING 50MM /60M	2018-04-16	0	22923.11	16	60.0
071271d1418d72801f2d28f9af8b5943	C	110991008	PACKING CHARGES (CARTON) 720X720X70	2018-04-16	0	197.86	16	1.0
9909099438b8c57b71c58b7f7235cb59	C	107682400	COMPRESSED-AIR MOTOR G1/8 -  3.8NM	2018-04-17	0	26420.32	16	1.0
9909099438b8c57b71c58b7f7235cb59	C	110991000	PACKING CHARGES (CARTON) 200X200X80	2018-04-17	0	197.86	16	1.0
cdb1cbdb173150c92d5f5b23d912099a	C	105406902	GRINDING WHEEL 50X10X16	2018-04-23	1	2335.87	17	2.0
cdb1cbdb173150c92d5f5b23d912099a	C	107440100	NAP FOIL 120 MM BR/25 M	2018-04-23	1	9577.06	17	25.0
cdb1cbdb173150c92d5f5b23d912099a	C	105337510	PROFILED JOINT 20X25X637	2018-04-23	1	3410.37	17	2.0
cdb1cbdb173150c92d5f5b23d912099a	C	107254200	FELT 60X45MMX10	2018-04-23	1	313.83	17	14.0
cdb1cbdb173150c92d5f5b23d912099a	C	105303998	DISC CUT KNIFE 240X1,2MM,28°	2018-04-23	1	4788.53	17	1.0
558da9aee00643076b4161df293e3af3	C	P030FR001	FREIGHT CHARGES	2018-04-27	1	3814.61	17	1.0
558da9aee00643076b4161df293e3af3	C	P030PA001	PACKING	2018-04-27	1	197.86	17	1.0
da958c41a4af31e477177ee298ec1f79	C	105406902	GRINDING WHEEL 50X10X16	2018-05-04	1	7007.61	18	6.0
da958c41a4af31e477177ee298ec1f79	C	107254200	FELT 60X45MMX10	2018-05-04	1	941.77	18	42.0
da958c41a4af31e477177ee298ec1f79	C	123052320	NO-CRUSH-ROLLER 165X65X50	2018-05-04	1	12321.57	18	25.0
da958c41a4af31e477177ee298ec1f79	C	105303998	DISC CUT KNIFE 240X1,2MM,28°	2018-05-04	1	14365.59	18	3.0
c57635d3ef349d6f5c0c81e1f2b44e3e	C	P030FR001	FREIGHT CHARGES	2018-05-09	1	5087.8	19	1.0
c57635d3ef349d6f5c0c81e1f2b44e3e	C	P030PA001	PACKING	2018-05-09	1	197.86	19	1.0
9232bba55b81f13de443aaecfb2863b5	C	135620122	CARBON BRUSH	2018-06-11	0	15955.63	24	12.0
9232bba55b81f13de443aaecfb2863b5	C	110991000	PACKING CHARGES (CARTON) 200X200X80	2018-06-11	0	197.86	24	1.0
2c58012c95e38d0a01e7d4cbcb229991	C	105406902	GRINDING WHEEL 50X10X16	2018-06-11	1	4671.74	24	4.0
2c58012c95e38d0a01e7d4cbcb229991	C	106606921	CLEAN-OUT FINGER BL1.0X98X90LG	2018-06-11	1	3311.71	24	51.0
2c58012c95e38d0a01e7d4cbcb229991	C	105303998	DISC CUT KNIFE 240X1,2MM,28°	2018-06-11	1	9577.06	24	2.0
ca822bc5f5d0afad63cacb42c1a0222a	C	108049306	SET OF SEALS 10X113X122	2018-06-12	0	3421.09	24	2.0
ca822bc5f5d0afad63cacb42c1a0222a	C	111125702	SPACER 40/17X2	2018-06-12	0	1658.19	24	12.0
ca822bc5f5d0afad63cacb42c1a0222a	C	106566766	LOCKING PLATE FUER D=16	2018-06-12	0	1189.92	24	12.0
ca822bc5f5d0afad63cacb42c1a0222a	C	110991000	PACKING CHARGES (CARTON) 200X200X80	2018-06-12	0	197.86	24	1.0
938ae8607b0da736ff1e8fc99c4ac6b3	C	P030PA001	PACKING	2018-06-13	1	395.72	24	1.0
938ae8607b0da736ff1e8fc99c4ac6b3	C	P030FR001	FREIGHT CHARGES	2018-06-13	1	2896.75	24	1.0
8c87e6ac9419610b84b2ec6886f44840	C	197617300	PROXIMITY SWITCH 10-30VDC/PNP/4MM	2018-07-04	0	6378.57	27	2.0
8c87e6ac9419610b84b2ec6886f44840	C	110991000	PACKING CHARGES (CARTON) 200X200X80	2018-07-04	0	197.86	27	1.0
c99de1cf676d0d4651428c4c17cf8c26	C	106606930	CLEAN-OUT FINGER 1,0X98X81.5	2018-07-04	1	15755.3	27	71.0
c99de1cf676d0d4651428c4c17cf8c26	C	105406902	GRINDING WHEEL 50X10X16	2018-07-04	1	9343.47	27	8.0
c99de1cf676d0d4651428c4c17cf8c26	C	111125301	GLUE DAM JOINT 3X260X220	2018-07-04	1	3130.06	27	2.0
c99de1cf676d0d4651428c4c17cf8c26	C	107254200	FELT 60X45MMX10	2018-07-04	1	313.83	27	14.0
c99de1cf676d0d4651428c4c17cf8c26	C	111125198	GLUE DAM JOINT 3X128X197	2018-07-04	1	1424.88	27	1.0
c99de1cf676d0d4651428c4c17cf8c26	C	601135	GLUE 1PC=1L	2018-07-04	1	1051.14	27	1.0
c99de1cf676d0d4651428c4c17cf8c26	C	105303998	DISC CUT KNIFE 240X1,2MM,28°	2018-07-04	1	19154.12	27	4.0
ecbec0618060327c78a7ede39c511b95	C	P030PA001	PACKING	2018-07-10	1	197.86	28	1.0
ecbec0618060327c78a7ede39c511b95	C	P030FR001	FREIGHT CHARGES	2018-07-10	1	4001.75	28	1.0
4bca4b5c638eaa26cafa6126cb09dd2a	C	105406902	GRINDING WHEEL 50X10X16	2018-07-12	1	-8175.54	28	-7.0
4bca4b5c638eaa26cafa6126cb09dd2a	C	111125198	GLUE DAM JOINT 3X128X197	2018-07-12	1	-1424.88	28	-1.0
4bca4b5c638eaa26cafa6126cb09dd2a	C	123052320	NO-CRUSH-ROLLER 165X65X50	2018-07-12	1	-4928.68	28	-10.0
25aad6587a911b254ddb6f8b02d2a2a7	C	184288.08	SCRAPER BLADE 2565X50X0,8	2018-07-17	0	7384.37	29	3.0
25aad6587a911b254ddb6f8b02d2a2a7	C	110991008	PACKING CHARGES (CARTON) 720X720X70	2018-07-17	0	197.86	29	1.0
9a13941a7b3640d31abdde0c78e3fb50	C	101183801	LIMIT SWITCH 1Ö/1S	2018-07-30	0	4706.36	31	2.0
9a13941a7b3640d31abdde0c78e3fb50	C	101183803	POTENTIOMETER 5KOHM	2018-07-30	0	3470.83	31	1.0
9a13941a7b3640d31abdde0c78e3fb50	C	110991000	PACKING CHARGES (CARTON) 200X200X80	2018-07-30	0	197.86	31	1.0
7e5d1956b5618fc3f318304dcb90fad3	C	105406902	GRINDING WHEEL 50X10X16	2018-08-01	1	4671.74	31	4.0
7e5d1956b5618fc3f318304dcb90fad3	C	107254200	FELT 60X45MMX10	2018-08-01	1	627.94	31	28.0
7e5d1956b5618fc3f318304dcb90fad3	C	105303998	DISC CUT KNIFE 240X1,2MM,28°	2018-08-01	1	9577.06	31	2.0
7e5d1956b5618fc3f318304dcb90fad3	C	105073800	KNIFE 2540X30X8 AB2500	2018-08-01	1	20964.28	31	1.0
7e5d1956b5618fc3f318304dcb90fad3	C	113115001	UPPER KNIFE L=2540 AB=2500	2018-08-01	1	20964.28	31	1.0
7e5d1956b5618fc3f318304dcb90fad3	C	177592300	PLATE SPRING 8,4X15X2	2018-08-01	1	1486.44	31	86.0
7e5d1956b5618fc3f318304dcb90fad3	C	100441800	SUPPORTING PLATE S 10X16X1,2	2018-08-01	1	1486.44	31	86.0
7e5d1956b5618fc3f318304dcb90fad3	C	191757201	LENS HEAD SCREW M8X25	2018-08-01	1	1486.44	31	86.0
7e5d1956b5618fc3f318304dcb90fad3	C	191757200	LENS HEAD SCREW M8X16	2018-08-01	1	138.23	31	8.0
7e5d1956b5618fc3f318304dcb90fad3	C	177671310	ADHESIVE LABEL	2018-08-01	1	242.93	31	2.0
7e5d1956b5618fc3f318304dcb90fad3	C	173687700	TORX SOCKET GR.TX40 1/2-ZOLL	2018-08-01	1	165.71	31	1.0
64973401c79f23cf87de42a326c1487b	C	105406902	GRINDING WHEEL 50X10X16	2018-08-01	1	-4671.74	31	-4.0
64973401c79f23cf87de42a326c1487b	C	107254200	FELT 60X45MMX10	2018-08-01	1	-627.94	31	-28.0
64973401c79f23cf87de42a326c1487b	C	105303998	DISC CUT KNIFE 240X1,2MM,28°	2018-08-01	1	-9577.06	31	-2.0
64973401c79f23cf87de42a326c1487b	C	105073800	KNIFE 2540X30X8 AB2500	2018-08-01	1	-20964.28	31	-1.0
64973401c79f23cf87de42a326c1487b	C	113115001	UPPER KNIFE L=2540 AB=2500	2018-08-01	1	-20964.28	31	-1.0
64973401c79f23cf87de42a326c1487b	C	177592300	PLATE SPRING 8,4X15X2	2018-08-01	1	-1486.44	31	-86.0
64973401c79f23cf87de42a326c1487b	C	100441800	SUPPORTING PLATE S 10X16X1,2	2018-08-01	1	-1486.44	31	-86.0
64973401c79f23cf87de42a326c1487b	C	191757201	LENS HEAD SCREW M8X25	2018-08-01	1	-1486.44	31	-86.0
64973401c79f23cf87de42a326c1487b	C	191757200	LENS HEAD SCREW M8X16	2018-08-01	1	-138.23	31	-8.0
64973401c79f23cf87de42a326c1487b	C	177671310	ADHESIVE LABEL	2018-08-01	1	-242.93	31	-2.0
64973401c79f23cf87de42a326c1487b	C	173687700	TORX SOCKET GR.TX40 1/2-ZOLL	2018-08-01	1	-165.71	31	-1.0
86ab84f019e06eedef3d85121e3e7722	C	105406902	GRINDING WHEEL 50X10X16	2018-08-02	1	4671.74	31	4.0
86ab84f019e06eedef3d85121e3e7722	C	107254200	FELT 60X45MMX10	2018-08-02	1	627.94	31	28.0
86ab84f019e06eedef3d85121e3e7722	C	105303998	DISC CUT KNIFE 240X1,2MM,28°	2018-08-02	1	9577.06	31	2.0
86ab84f019e06eedef3d85121e3e7722	C	105073800	KNIFE 2540X30X8 AB2500	2018-08-02	1	20964.28	31	1.0
86ab84f019e06eedef3d85121e3e7722	C	113115001	UPPER KNIFE L=2540 AB=2500	2018-08-02	1	20964.28	31	1.0
21725c704dba45ae701ccd53e518c75c	C	P030FR001	FREIGHT CHARGES	2018-08-06	1	5417.84	32	1.0
21725c704dba45ae701ccd53e518c75c	C	P030PA001	PACKING	2018-08-06	1	1571.9	32	1.0
cc7f8a64079a159362e23d651e2499e9	C	109894000	DRIVE MODULE 20A/3PH/540V	2018-08-27	0	60031.82	35	1.0
cc7f8a64079a159362e23d651e2499e9	C	110991005	PACKING CHARGES (CARTON) 600X400X400	2018-08-27	0	197.86	35	1.0
16279557e284e0a80033a69ce17e4bbb	C	105406902	GRINDING WHEEL 50X10X16	2018-09-04	1	2335.87	36	2.0
16279557e284e0a80033a69ce17e4bbb	C	111125301	GLUE DAM JOINT 3X260X220	2018-09-04	1	3130.06	36	2.0
16279557e284e0a80033a69ce17e4bbb	C	107254200	FELT 60X45MMX10	2018-09-04	1	627.94	36	28.0
16279557e284e0a80033a69ce17e4bbb	C	111125199	GLUE DAM JOINT 3X128X197	2018-09-04	1	1424.88	36	1.0
16279557e284e0a80033a69ce17e4bbb	C	111125198	GLUE DAM JOINT 3X128X197	2018-09-04	1	1424.88	36	1.0
16279557e284e0a80033a69ce17e4bbb	C	123052320	NO-CRUSH-ROLLER 165X65X50	2018-09-04	1	12321.57	36	25.0
16279557e284e0a80033a69ce17e4bbb	C	105303998	DISC CUT KNIFE 240X1,2MM,28°	2018-09-04	1	4788.53	36	1.0
16279557e284e0a80033a69ce17e4bbb	C	105073800	KNIFE 2540X30X8 AB2500	2018-09-04	1	45888.0	36	1.0
16279557e284e0a80033a69ce17e4bbb	C	113115001	UPPER KNIFE L=2540 AB=2500	2018-09-04	1	45888.0	36	1.0
4b74f4a9e9d8eaee6c7a6ac9a629a54a	C	P030FR001	FREIGHT CHARGES	2018-09-06	1	3814.61	36	1.0
4b74f4a9e9d8eaee6c7a6ac9a629a54a	C	P030PA001	PACKING	2018-09-06	1	197.86	36	1.0
c53c512bf9cbdbf4b212bcd9c5777802	C	P030FR001	FREIGHT CHARGES	2018-09-24	1	1345.19	39	1.0
c53c512bf9cbdbf4b212bcd9c5777802	C	P030PA001	PACKING	2018-09-24	1	1571.9	39	1.0
868c3ae816ecfee5b708ae0835e3c7ec	C	105406902	GRINDING WHEEL 50X10X16	2018-10-03	1	11679.34	40	10.0
868c3ae816ecfee5b708ae0835e3c7ec	C	107254200	FELT 60X45MMX10	2018-10-03	1	627.94	40	28.0
868c3ae816ecfee5b708ae0835e3c7ec	C	123052320	NO-CRUSH-ROLLER 165X65X50	2018-10-03	1	4928.68	40	10.0
868c3ae816ecfee5b708ae0835e3c7ec	C	105303998	DISC CUT KNIFE 240X1,2MM,28°	2018-10-03	1	23942.65	40	5.0
5583ae8e307b2f6271ee5f4bb143ac2a	C	135620122	CARBON BRUSH	2018-10-04	0	15955.63	40	12.0
5583ae8e307b2f6271ee5f4bb143ac2a	C	110991000	PACKING CHARGES (CARTON) 200X200X80	2018-10-04	0	197.86	40	1.0
4cdd344dd00954b6e2b58c93351272f1	C	105406902	GRINDING WHEEL 50X10X16	2018-10-17	1	91.51	42	10.0
4cdd344dd00954b6e2b58c93351272f1	C	107254200	FELT 60X45MMX10	2018-10-17	1	42.6	42	28.0
4cdd344dd00954b6e2b58c93351272f1	C	123052320	NO-CRUSH-ROLLER 165X65X50	2018-10-17	1	2059.14	42	10.0
4cdd344dd00954b6e2b58c93351272f1	C	105303998	DISC CUT KNIFE 240X1,2MM,28°	2018-10-17	1	1944.54	42	5.0
4cdd344dd00954b6e2b58c93351272f1	C	110991003	PACKING CHARGES (CARTON) 360X360X250	2018-10-17	1	197.86	42	1.0
afe8b2ab9edc33b0fbf8e29f3e761944	C	104944921	SLIDING POTENTIOMETER 5 K.OHM	2018-11-07	0	20362.45	45	1.0
afe8b2ab9edc33b0fbf8e29f3e761944	C	104944922	PLUG 3 METER KABEL	2018-11-07	0	2177.58	45	1.0
afe8b2ab9edc33b0fbf8e29f3e761944	C	851038164	BELLOWS	2018-11-07	0	1973.12	45	1.0
afe8b2ab9edc33b0fbf8e29f3e761944	C	118308700	PACKING CHARGES (CARTON) 330X163X172 MM	2018-11-07	0	197.86	45	1.0
e03fb5f203a17d866efc17adc8b81e0c	C	106606930	CLEAN-OUT FINGER 1,0X98X81.5	2018-11-16	1	6435.18	46	29.0
e03fb5f203a17d866efc17adc8b81e0c	C	105406902	GRINDING WHEEL 50X10X16	2018-11-16	1	7007.61	46	6.0
e03fb5f203a17d866efc17adc8b81e0c	C	118027801	PRESSURE BELT I-QUALITY 2540X 2800	2018-11-16	1	164515.22	46	1.0
e03fb5f203a17d866efc17adc8b81e0c	C	106606921	CLEAN-OUT FINGER BL1.0X98X90LG	2018-11-16	1	909.07	46	14.0
e03fb5f203a17d866efc17adc8b81e0c	C	105337510	PROFILED JOINT 20X25X637	2018-11-16	1	6820.74	46	4.0
e03fb5f203a17d866efc17adc8b81e0c	C	107254200	FELT 60X45MMX10	2018-11-16	1	941.77	46	42.0
e03fb5f203a17d866efc17adc8b81e0c	C	105303998	DISC CUT KNIFE 240X1,2MM,28°	2018-11-16	1	9577.06	46	2.0
e03fb5f203a17d866efc17adc8b81e0c	C	103091403	CONVERTER	2018-11-16	1	36369.47	46	1.0
8a0ab18ed39d6971e7cf6f76eb9987df	C	P030FR001	FREIGHT CHARGES	2018-11-20	1	2663.44	47	1.0
8a0ab18ed39d6971e7cf6f76eb9987df	C	P030PA001	PACKING	2018-11-20	1	2671.13	47	1.0
996ba09dafdee5dcf3af7771342a7529	C	105406902	GRINDING WHEEL 50X10X16	2018-12-12	0	2335.87	50	2.0
996ba09dafdee5dcf3af7771342a7529	C	106606921	CLEAN-OUT FINGER BL1.0X98X90LG	2018-12-12	0	2402.65	50	37.0
996ba09dafdee5dcf3af7771342a7529	C	107440100	NAP FOIL 120 MM BR/25 M	2018-12-12	0	9577.06	50	25.0
996ba09dafdee5dcf3af7771342a7529	C	107254200	FELT 60X45MMX10	2018-12-12	0	313.83	50	14.0
996ba09dafdee5dcf3af7771342a7529	C	105303998	DISC CUT KNIFE 240X1,2MM,28°	2018-12-12	0	4788.53	50	1.0
28409fd1530975654c53ac7a407d261d	C	139372425	FRICTION LINING 50MM /60M	2018-12-18	0	22655.73	51	60.0
28409fd1530975654c53ac7a407d261d	C	110991008	PACKING CHARGES (CARTON) 720X720X70	2018-12-18	0	197.86	51	1.0
919406ba0a27aab0d9e0e410bd6a5528	C	P030FR001	FREIGHT CHARGES	2018-12-28	0	1566.41	52	1.0
919406ba0a27aab0d9e0e410bd6a5528	C	P030PA001	PACKING	2018-12-28	0	192.37	52	1.0
ac44650ddbc0675f6b56de06aff25d44	C	106606930	CLEAN-OUT FINGER 1,0X98X81.5	2018-12-28	1	6657.23	52	30.0
ac44650ddbc0675f6b56de06aff25d44	C	105406902	GRINDING WHEEL 50X10X16	2018-12-28	1	9343.47	52	8.0
ac44650ddbc0675f6b56de06aff25d44	C	106606921	CLEAN-OUT FINGER BL1.0X98X90LG	2018-12-28	1	519.39	52	8.0
ac44650ddbc0675f6b56de06aff25d44	C	107254200	FELT 60X45MMX10	2018-12-28	1	313.83	52	14.0
ac44650ddbc0675f6b56de06aff25d44	C	106885100	RADIAL SHAFT SEAL 188X225X15	2018-12-28	1	1775.26	52	1.0
ac44650ddbc0675f6b56de06aff25d44	C	104212300	O-RING 240,00X5,00	2018-12-28	1	118.99	52	1.0
ac44650ddbc0675f6b56de06aff25d44	C	105303998	DISC CUT KNIFE 240X1,2MM,28°	2018-12-28	1	19154.12	52	4.0
53a45e7325b8912391a062d70b726b0c	C	P030FR001	FREIGHT CHARGES	2019-01-11	1	1350.68	2	1.0
53a45e7325b8912391a062d70b726b0c	C	P030PA001	PACKING	2019-01-11	1	197.86	2	1.0
2215ac13944a6ce0012ca46509c86030	C	119761650	BEARINGS AND ACCESSORIES	2019-02-01	0	16138.93	5	1.0
2215ac13944a6ce0012ca46509c86030	C	115975800	BEARINGS AND ACCESSORIES	2019-02-01	0	15903.42	5	1.0
2215ac13944a6ce0012ca46509c86030	C	110991002	PACKING CHARGES (CARTON) 300X300X200	2019-02-01	0	197.86	5	1.0
1d7c5924cac6da5c78dfa4cbf8028e29	C	106606930	CLEAN-OUT FINGER 1,0X98X81.5	2019-02-06	1	24.73	6	16.0
1d7c5924cac6da5c78dfa4cbf8028e29	C	105406902	GRINDING WHEEL 50X10X16	2019-02-06	1	2.47	6	2.0
1d7c5924cac6da5c78dfa4cbf8028e29	C	107254200	FELT 60X45MMX10	2019-02-06	1	5.77	6	28.0
1d7c5924cac6da5c78dfa4cbf8028e29	C	123052320	NO-CRUSH-ROLLER 165X65X50	2019-02-06	1	469.37	6	17.0
1d7c5924cac6da5c78dfa4cbf8028e29	C	105303998	DISC CUT KNIFE 240X1,2MM,28°	2019-02-06	1	52.21	6	1.0
1d7c5924cac6da5c78dfa4cbf8028e29	C	118027801	PRESSURE BELT I-QUALITY 2540X 2800	2019-02-06	1	2030.56	6	1.0
1d7c5924cac6da5c78dfa4cbf8028e29	C	V00000015	PACKING CHARGES (BOX) 3130X410X310MM	2019-02-06	1	2473.27	6	1.0
1d7c5924cac6da5c78dfa4cbf8028e29	C	110991004	PACKING CHARGES (CARTON) 610X410X230	2019-02-06	1	197.86	6	1.0
1a4324ec64fbd0e517c165deb96e5603	C	106606930	CLEAN-OUT FINGER 1,0X98X81.5	2019-02-06	1	3550.52	6	16.0
1a4324ec64fbd0e517c165deb96e5603	C	105406902	GRINDING WHEEL 50X10X16	2019-02-06	1	2335.87	6	2.0
1a4324ec64fbd0e517c165deb96e5603	C	107254200	FELT 60X45MMX10	2019-02-06	1	627.94	6	28.0
1a4324ec64fbd0e517c165deb96e5603	C	123052320	NO-CRUSH-ROLLER 165X65X50	2019-02-06	1	8378.62	6	17.0
1a4324ec64fbd0e517c165deb96e5603	C	105303998	DISC CUT KNIFE 240X1,2MM,28°	2019-02-06	1	4788.53	6	1.0
1a4324ec64fbd0e517c165deb96e5603	C	118027801	PRESSURE BELT I-QUALITY 2540X 2800	2019-02-06	1	183435.75	6	1.0
9e7761abb8b192aa71d48a6a2a067b83	C	135620122	CARBON BRUSH	2019-02-18	0	15955.63	8	12.0
9e7761abb8b192aa71d48a6a2a067b83	C	110991001	PACKING CHARGES (CARTON) 200X200X150	2019-02-18	0	197.86	8	1.0
bdd95831bb77fab11f4e725e7052c87c	C	171596	TACHOGENERATOR 60V/1000UPM/56KW	2019-02-25	0	21748.58	9	1.0
bdd95831bb77fab11f4e725e7052c87c	C	110991001	PACKING CHARGES (CARTON) 200X200X150	2019-02-25	0	197.86	9	1.0
dbfad6d4beaf7b2a66caceda973a8ad5	C	143334725	HOT PLATE AB-2500	2019-02-28	0	235886.99	9	1.0
dbfad6d4beaf7b2a66caceda973a8ad5	C	109420500	ADJUSTING SCREW	2019-02-28	0	5556.07	9	1.0
dbfad6d4beaf7b2a66caceda973a8ad5	C	V00000024	PACKING CHARGES (BOX)	2019-02-28	0	12366.36	9	1.0
dbfad6d4beaf7b2a66caceda973a8ad5	C	110991001	PACKING CHARGES (CARTON) 200X200X150	2019-02-28	0	197.86	9	1.0
dd6a5bddb0987c5b78a622fb2e384f51	C	105406902	GRINDING WHEEL 50X10X16	2019-03-13	1	7007.61	11	6.0
dd6a5bddb0987c5b78a622fb2e384f51	C	111125301	GLUE DAM JOINT 3X260X220	2019-03-13	1	3130.06	11	2.0
dd6a5bddb0987c5b78a622fb2e384f51	C	107254200	FELT 60X45MMX10	2019-03-13	1	313.83	11	14.0
dd6a5bddb0987c5b78a622fb2e384f51	C	111125199	GLUE DAM JOINT 3X128X197	2019-03-13	1	1424.88	11	1.0
dd6a5bddb0987c5b78a622fb2e384f51	C	111125198	GLUE DAM JOINT 3X128X197	2019-03-13	1	1424.88	11	1.0
dd6a5bddb0987c5b78a622fb2e384f51	C	105303998	DISC CUT KNIFE 240X1,2MM,28°	2019-03-13	1	14365.59	11	3.0
dd6a5bddb0987c5b78a622fb2e384f51	C	163270925	SCRAPER BLADE CORRUDUR® 2550X50X1,5	2019-03-13	1	1331.45	11	1.0
824e8e937c692f7e3c2f8e59671743da	C	110031420	HYDRAULIC CYLINDER 40X380-R1/4"	2019-03-18	0	50845.26	12	2.0
824e8e937c692f7e3c2f8e59671743da	C	171596.01	CARBON BRUSH	2019-03-18	0	446.84	12	1.0
824e8e937c692f7e3c2f8e59671743da	C	110991006	PACKING CHARGES (CARTON) 700X200X200	2019-03-18	0	197.86	12	1.0
6760744fe1cbe438043782d45e4a9541	C	105406902	GRINDING WHEEL 50X10X16	2019-03-21	1	88.21	12	6.0
6760744fe1cbe438043782d45e4a9541	C	111125301	GLUE DAM JOINT 3X260X220	2019-03-21	1	742.26	12	2.0
6760744fe1cbe438043782d45e4a9541	C	107254200	FELT 60X45MMX10	2019-03-21	1	34.08	12	14.0
6760744fe1cbe438043782d45e4a9541	C	111125199	GLUE DAM JOINT 3X128X197	2019-03-21	1	117.34	12	1.0
6760744fe1cbe438043782d45e4a9541	C	111125198	GLUE DAM JOINT 3X128X197	2019-03-21	1	131.63	12	1.0
6760744fe1cbe438043782d45e4a9541	C	105303998	DISC CUT KNIFE 240X1,2MM,28°	2019-03-21	1	1870.62	12	3.0
6760744fe1cbe438043782d45e4a9541	C	163270925	SCRAPER BLADE CORRUDUR® 2550X50X1,5	2019-03-21	1	214.08	12	1.0
6760744fe1cbe438043782d45e4a9541	C	110991008	PACKING CHARGES (CARTON) 720X720X70	2019-03-21	1	197.86	12	1.0
6760744fe1cbe438043782d45e4a9541	C	110991003	PACKING CHARGES (CARTON) 360X360X250	2019-03-21	1	197.86	12	1.0
b40223aae1ceee57a44e2d6e338aff82	C	33200150M	LEVER	2019-03-21	0	348878.72	12	1.0
b40223aae1ceee57a44e2d6e338aff82	C	33200160M	LEVER	2019-03-21	0	343574.65	12	1.0
b40223aae1ceee57a44e2d6e338aff82	C	332000900	STOP	2019-03-21	0	65531.83	12	1.0
b40223aae1ceee57a44e2d6e338aff82	C	332001000	STOP	2019-03-21	0	65531.83	12	1.0
b40223aae1ceee57a44e2d6e338aff82	C	172131800	ECCENTRIC	2019-03-21	0	19320.11	12	2.0
b40223aae1ceee57a44e2d6e338aff82	C	172168701	COVER	2019-03-21	0	2430.13	12	2.0
b40223aae1ceee57a44e2d6e338aff82	C	V00000024	PACKING CHARGES (BOX)	2019-03-21	0	6595.39	12	2.0
954984118cdb9ea90fecb9a4b270b818	C	106606921	CLEAN-OUT FINGER BL1.0X98X90LG	2019-04-29	1	1039.05	18	16.0
954984118cdb9ea90fecb9a4b270b818	C	106606930	CLEAN-OUT FINGER 1,0X98X81.5	2019-04-29	1	15755.3	18	71.0
954984118cdb9ea90fecb9a4b270b818	C	105450500	TOOTHED BELT HTD 30X8MX1440	2019-04-29	1	565.28	18	1.0
954984118cdb9ea90fecb9a4b270b818	C	123052320	NO-CRUSH-ROLLER 165X65X50	2019-04-29	1	24643.41	18	50.0
954984118cdb9ea90fecb9a4b270b818	C	111125301	GLUE DAM JOINT 3X260X220	2019-04-29	1	3130.06	18	2.0
954984118cdb9ea90fecb9a4b270b818	C	111125199	GLUE DAM JOINT 3X128X197	2019-04-29	1	1424.88	18	1.0
954984118cdb9ea90fecb9a4b270b818	C	111125198	GLUE DAM JOINT 3X128X197	2019-04-29	1	1424.88	18	1.0
954984118cdb9ea90fecb9a4b270b818	C	163270925	SCRAPER BLADE CORRUDUR® 2550X50X1,5	2019-04-29	1	1331.45	18	1.0
954984118cdb9ea90fecb9a4b270b818	C	103101000	PLASTIC PLATE 60X6X180	2019-04-29	1	3812.14	18	24.0
25bc17ede86aa9475f48eec61530d782	C	106606921	CLEAN-OUT FINGER BL1.0X98X90LG	2019-05-02	1	25.56	18	16.0
25bc17ede86aa9475f48eec61530d782	C	106606930	CLEAN-OUT FINGER 1,0X98X81.5	2019-05-02	1	84.92	18	71.0
25bc17ede86aa9475f48eec61530d782	C	105450500	TOOTHED BELT HTD 30X8MX1440	2019-05-02	1	9.89	18	1.0
25bc17ede86aa9475f48eec61530d782	C	123052320	NO-CRUSH-ROLLER 165X65X50	2019-05-02	1	1075.05	18	50.0
25bc17ede86aa9475f48eec61530d782	C	111125301	GLUE DAM JOINT 3X260X220	2019-05-02	1	48.37	18	2.0
25bc17ede86aa9475f48eec61530d782	C	111125199	GLUE DAM JOINT 3X128X197	2019-05-02	1	7.69	18	1.0
25bc17ede86aa9475f48eec61530d782	C	111125198	GLUE DAM JOINT 3X128X197	2019-05-02	1	8.52	18	1.0
25bc17ede86aa9475f48eec61530d782	C	163270925	SCRAPER BLADE CORRUDUR® 2550X50X1,5	2019-05-02	1	14.02	18	1.0
25bc17ede86aa9475f48eec61530d782	C	103101000	PLASTIC PLATE 60X6X180	2019-05-02	1	19.24	18	24.0
25bc17ede86aa9475f48eec61530d782	C	110680400	PACKING CHARGES (PAL-BOX I) 830X580X680	2019-05-02	1	1126.71	18	1.0
1830735793bc999a12b08a3d45128792	C	100557902	SPLICING ROLL 152X2562/2550	2019-05-08	0	86373.82	19	1.0
1830735793bc999a12b08a3d45128792	C	V00000010	PACKING CHARGES (BOX) 3280X280X410MM	2019-05-08	0	7694.63	19	1.0
4b0432da2f947a81967f9bab59e91a4b	C	295324020	CONVERTER 1XELEKTRONIK 2XSENSOR	2019-06-03	1	-100862.8	23	-1.0
2f5057173ef7a29e847f0cd1809ac4b6	C	107440100	NAP FOIL 120 MM BR/25 M	2019-06-04	1	9577.06	23	25.0
2f5057173ef7a29e847f0cd1809ac4b6	C	295324020	CONVERTER 1XELEKTRONIK 2XSENSOR	2019-06-04	1	100862.8	23	1.0
2f5057173ef7a29e847f0cd1809ac4b6	C	103091402	PROXIMITY TRANSDUCER	2019-06-04	1	34640.93	23	1.0
85aaed14c3a295642cb42e2cd671f2df	C	107440100	NAP FOIL 120 MM BR/25 M	2019-06-12	1	2864.87	24	25.0
85aaed14c3a295642cb42e2cd671f2df	C	295324020	CONVERTER 1XELEKTRONIK 2XSENSOR	2019-06-12	1	220.4	24	1.0
85aaed14c3a295642cb42e2cd671f2df	C	110991003	PACKING CHARGES (CARTON) 360X360X250	2019-06-12	1	197.86	24	1.0
aeba393e2d158ed9987f642a64da9836	C	106606921	CLEAN-OUT FINGER BL1.0X98X90LG	2019-06-19	1	707.63	25	30.0
aeba393e2d158ed9987f642a64da9836	C	110991000	PACKING CHARGES (CARTON) 200X200X80	2019-06-19	1	197.86	25	1.0
