Order_Form_ID;Customer_Name;Article_Number;Article_Name;Invoice_Date;PickAndPay;Revenue;Calendar_week;Amount
121677bf37ee1d49f2b8c8130782f010;A;107833901;HYSYN V32 FOOD H1 20L;2016-01-20;0;21905.23;3;40.0
937ab0c19dacc79cd006619b0b2d8fe5;A;105303965;DISC CUT KNIFE 240X1,2/0,35MM,20°;2016-01-22;1;65624.16;3;12.0
37640ab8e3337432bd528218154d6bf6;A;107833901;HYSYN V32 FOOD H1 20L;2016-02-08;0;21027.76;6;40.0
e7881d01cb9dd52b91d1f441dfddae15;A;116904600;COLOUR FOR BOARD MARKING QUAL.NR.7100-93;2016-02-25;0;40676.54;8;50.0
e7f1939e08dc5f24b87eaab0ad64726e;A;101706100;LOCK TENSIONER GR.700;2016-03-11;0;4817.39;10;2.0
e7f1939e08dc5f24b87eaab0ad64726e;A;110991000;PACKING CHARGES (CARTON) 200X200X80;2016-03-11;0;192.37;10;1.0
b48f999af3c21ab1f329cb2ab8741ea2;A;150011;"FLAT PACKING 3/4""/ 27X38X2";2016-04-25;1;230.84;17;6.0
b48f999af3c21ab1f329cb2ab8741ea2;A;153532100;Y-PLUG CONNECTOR D-4;2016-04-25;1;280.3;17;1.0
b48f999af3c21ab1f329cb2ab8741ea2;A;105303965;DISC CUT KNIFE 240X1,2/0,35MM,20°;2016-04-25;1;109373.61;17;20.0
b48f999af3c21ab1f329cb2ab8741ea2;A;107254210;FELT 46X35X10MM;2016-04-25;1;3231.74;17;168.0
b48f999af3c21ab1f329cb2ab8741ea2;A;103379420;PROXIMITY SWITCH 10-30V,DC200MA;2016-04-25;1;5908.37;17;1.0
b48f999af3c21ab1f329cb2ab8741ea2;A;281400020;MOTOR PROTECTION SWITCH BREITE 22,5MM;2016-04-25;1;7145.01;17;1.0
429109ef0c8324261350df412aaf71ad;A;P030PA001;PACKING;2016-05-02;1;192.37;18;1.0
429109ef0c8324261350df412aaf71ad;A;P030FR001;FREIGHT CHARGES;2016-05-02;1;1209.16;18;1.0
b4b2358e7808321862139c81f8b0a011;A;P030PA001;PACKING;2016-05-02;1;-192.37;18;-1.0
b4b2358e7808321862139c81f8b0a011;A;P030FR001;FREIGHT CHARGES;2016-05-02;1;-1209.16;18;-1.0
18c21045b713b2007a115084efa2a2f8;A;P030PA001;PACKING;2016-05-03;1;192.37;18;1.0
18c21045b713b2007a115084efa2a2f8;A;P030FR001;FREIGHT CHARGES;2016-05-03;1;1209.16;18;1.0
82b775a74843c4c213280d9e784314df;A;100335702;BACOMIN V42-50 UNIVERSAL 400ML;2016-05-24;0;26127.38;21;10.0
82b775a74843c4c213280d9e784314df;A;110991002;PACKING CHARGES (CARTON) 300X300X200;2016-05-24;0;192.37;21;1.0
54dc94decc7b4a11d9fba2ad0a8880fb;A;109888055;KNIFE 2540X30X8 AB2500;2016-07-04;1;147626.89;27;2.0
097e647a3e189d1532da809324be892f;A;105303965;DISC CUT KNIFE 240X1,2/0,35MM,20°;2016-07-25;1;38280.76;30;7.0
097e647a3e189d1532da809324be892f;A;109612502;SEALING LEDGE 5,5X65X2665;2016-07-25;1;1291.6;30;1.0
097e647a3e189d1532da809324be892f;A;111125303;GLUE DAM JOINT 3X260X220;2016-07-25;1;5606.08;30;2.0
097e647a3e189d1532da809324be892f;A;111125199;GLUE DAM JOINT 3X128X197;2016-07-25;1;1621.37;30;1.0
097e647a3e189d1532da809324be892f;A;111125198;GLUE DAM JOINT 3X128X197;2016-07-25;1;1621.37;30;1.0
166029def7609ff8626c642b55585245;A;199902;CARBON PAPER 195X20,2-FACH;2016-08-31;0;5667.09;35;10.0
166029def7609ff8626c642b55585245;A;110991002;PACKING CHARGES (CARTON) 300X300X200;2016-08-31;0;192.37;35;1.0
12b45b044d1e8a7aa09210f72c9bce5f;A;111125198;GLUE DAM JOINT 3X128X197;2016-09-08;0;5053.72;36;3.0
12b45b044d1e8a7aa09210f72c9bce5f;A;111125199;GLUE DAM JOINT 3X128X197;2016-09-08;0;5033.38;36;3.0
12b45b044d1e8a7aa09210f72c9bce5f;A;111125303;GLUE DAM JOINT 3X260X220;2016-09-08;0;11923.65;36;4.0
12b45b044d1e8a7aa09210f72c9bce5f;A;118308700;PACKING CHARGES (CARTON) 330X163X172 MM;2016-09-08;0;192.37;36;1.0
d3c8e9a085d4339cb9ce0badb63ef6b1;A;199902;CARBON PAPER 195X20,2-FACH;2016-09-14;0;3957.24;37;10.0
d3c8e9a085d4339cb9ce0badb63ef6b1;A;P030FR001;FREIGHT CHARGES;2016-09-14;0;1709.86;37;1.0
d3c8e9a085d4339cb9ce0badb63ef6b1;A;P030PA001;PACKING;2016-09-14;0;192.37;37;1.0
5509047cc50b61ed017e59050553422f;A;199902;CARBON PAPER 195X20,2-FACH;2016-09-14;0;-3957.24;37;-10.0
5509047cc50b61ed017e59050553422f;A;P030FR001;FREIGHT CHARGES;2016-09-14;0;-1709.86;37;-1.0
5509047cc50b61ed017e59050553422f;A;P030PA001;PACKING;2016-09-14;0;-192.37;37;-1.0
ed0f735ddf2e20366fd60c1a586c0365;A;199902;CARBON PAPER 195X20,2-FACH;2016-09-14;0;3957.24;37;10.0
ed0f735ddf2e20366fd60c1a586c0365;A;P030FR001;FREIGHT CHARGES;2016-09-14;0;1709.86;37;1.0
ed0f735ddf2e20366fd60c1a586c0365;A;P030PA001;PACKING;2016-09-14;0;192.37;37;1.0
99606058cb30c10a19f8c6ecd9e6960e;A;511387.01;BRUSH 2,0X400X510;2016-09-19;0;39268.97;38;10.0
99606058cb30c10a19f8c6ecd9e6960e;A;102955404;BRUSH 1,0X300X510;2016-09-19;0;29124.71;38;10.0
99606058cb30c10a19f8c6ecd9e6960e;A;206103704;BRUSH 1,5X250X510;2016-09-19;0;67838.29;38;10.0
99606058cb30c10a19f8c6ecd9e6960e;A;110680400;PACKING CHARGES (PAL-BOX I) 830X580X680;2016-09-19;0;1099.23;38;1.0
0d7beed9e0112dc0af409ce6e6c20cca;A;100335700;BACOMIN V42-50 UNIVERSAL 500ML/BACOMIN V;2016-09-20;0;26325.24;38;10.0
0d7beed9e0112dc0af409ce6e6c20cca;A;V00000025;PACKING CHARGES (CARTON);2016-09-20;0;192.37;38;1.0
94800d947ba4b60722b2f935a6a5bd60;A;127811060;MODULE S7/ET200S/4DO DC24V/0,5A;2016-09-21;0;3938.0;38;3.0
94800d947ba4b60722b2f935a6a5bd60;A;110991000;PACKING CHARGES (CARTON) 200X200X80;2016-09-21;0;192.37;38;1.0
f1574569db97885e9910e915ba5a046c;A;127811050;MODULE S7/ET200S/4DI DC24V;2016-09-23;0;5336.22;38;6.0
f1574569db97885e9910e915ba5a046c;A;127811032;MODULE 2*6 KLEMMEN;2016-09-23;0;3097.64;38;6.0
f1574569db97885e9910e915ba5a046c;A;118308700;PACKING CHARGES (CARTON) 330X163X172 MM;2016-09-23;0;192.37;38;1.0
44f704716e6b9bffc3c3ddf06a2df4b0;A;199902;CARBON PAPER 195X20,2-FACH;2016-09-27;0;-3957.24;39;-10.0
44f704716e6b9bffc3c3ddf06a2df4b0;A;110991002;PACKING CHARGES (CARTON) 300X300X200;2016-09-27;0;-192.37;39;-1.0
44f704716e6b9bffc3c3ddf06a2df4b0;A;P030FR001;FREIGHT CHARGES;2016-09-27;0;-1709.86;39;-1.0
402e187a811515697ecd743a091d40e3;A;137130;FLANGED BEARING WITH FOUR HOLES 45X155X4;2016-10-05;0;15680.82;40;6.0
402e187a811515697ecd743a091d40e3;A;110991003;PACKING CHARGES (CARTON) 360X360X250;2016-10-05;0;192.37;40;1.0
a3875277c330b0893642facb9ccea1f6;A;153576601;TABLE;2016-10-05;0;28078.51;40;3.0
a3875277c330b0893642facb9ccea1f6;A;118308700;PACKING CHARGES (CARTON) 330X163X172 MM;2016-10-05;0;192.37;40;1.0
91cb632299caf82b3ed6778120af7f42;A;102955409;BRUSH 1,0X150X510;2016-10-12;0;29386.6;41;5.0
91cb632299caf82b3ed6778120af7f42;A;110991006;PACKING CHARGES (CARTON) 700X200X200;2016-10-12;0;192.37;41;1.0
71f44da1049337429c5f97e15a5bed92;A;150011;"FLAT PACKING 3/4""/ 27X38X2";2016-11-07;1;115.42;45;3.0
71f44da1049337429c5f97e15a5bed92;A;185620;TOOTHED BELT HTD 30X8X640;2016-11-07;1;846.41;45;2.0
71f44da1049337429c5f97e15a5bed92;A;103560705;BELT 80X1720X 3;2016-11-07;1;9233.55;45;6.0
71f44da1049337429c5f97e15a5bed92;A;103560727;BELT 80X3X2530,0;2016-11-07;1;9480.88;45;5.0
71f44da1049337429c5f97e15a5bed92;A;106566766;LOCKING PLATE FUER D=16;2016-11-07;1;167.63;45;2.0
71f44da1049337429c5f97e15a5bed92;A;107254210;FELT 46X35X10MM;2016-11-07;1;13465.59;45;700.0
71f44da1049337429c5f97e15a5bed92;A;107969300;EMERGENCY STOP MODULE 24VDC/220VAC;2016-11-07;1;15719.02;45;2.0
71f44da1049337429c5f97e15a5bed92;A;109611300;PRESSURE SPRING 1,50X10,5X55,0;2016-11-07;1;79.42;45;1.0
71f44da1049337429c5f97e15a5bed92;A;109612502;SEALING LEDGE 5,5X65X2665;2016-11-07;1;5166.39;45;4.0
71f44da1049337429c5f97e15a5bed92;A;110658000;TOOTHED BELT 15X 5X 500;2016-11-07;1;280.3;45;1.0
71f44da1049337429c5f97e15a5bed92;A;111125303;GLUE DAM JOINT 3X260X220;2016-11-07;1;5606.08;45;2.0
71f44da1049337429c5f97e15a5bed92;A;113463300;RUBBER SPONGE CORD D=15;2016-11-07;1;79.42;45;1.0
71f44da1049337429c5f97e15a5bed92;A;114519400;SUPPORT RING SG38.8X45X1.4G;2016-11-07;1;1261.37;45;3.0
71f44da1049337429c5f97e15a5bed92;A;118550500;O-RING 90,00X2,00;2016-11-07;1;79.42;45;1.0
71f44da1049337429c5f97e15a5bed92;A;122356100;"FLAT PACKING 1""";2016-11-07;1;158.84;45;2.0
71f44da1049337429c5f97e15a5bed92;A;123052320;NO-CRUSH-ROLLER 165X65X50;2016-11-07;1;9013.7;45;16.0
71f44da1049337429c5f97e15a5bed92;A;123596200;SPACER RING L49XID70XW4;2016-11-07;1;1912.66;45;24.0
71f44da1049337429c5f97e15a5bed92;A;130241404;TOOTHED BELT ATP 50X10X1150;2016-11-07;1;4891.58;45;2.0
71f44da1049337429c5f97e15a5bed92;A;148143400;HOOK BELT FASTENER G006-SS-600W;2016-11-07;1;6595.39;45;4.8
71f44da1049337429c5f97e15a5bed92;A;163270925;SCRAPER BLADE CORRUDUR® 2550X50X1,5;2016-11-07;1;3022.89;45;2.0
71f44da1049337429c5f97e15a5bed92;A;163600425;SCRAPER BLADE 2560X50X1,5;2016-11-07;1;4177.08;45;2.0
71f44da1049337429c5f97e15a5bed92;A;163600451;SCRAPER BLADE 2560X50X1,5;2016-11-07;1;4561.81;45;2.0
71f44da1049337429c5f97e15a5bed92;A;181300.02;SEAL D116X99X2;2016-11-07;1;2044.57;45;6.0
71f44da1049337429c5f97e15a5bed92;A;136481820;NO-CRUSH-ROLLER 180X65X50;2016-11-07;1;13671.7;45;25.0
227759ba4a23878997919012fdd82ad8;A;P030FR001;FREIGHT CHARGES;2016-11-09;1;5825.93;45;1.0
227759ba4a23878997919012fdd82ad8;A;P030PA001;PACKING;2016-11-09;1;1099.23;45;1.0
24b260b1048e912e6c91d6475f47941c;A;116904600;COLOUR FOR BOARD MARKING QUAL.NR.7100-93;2016-11-17;0;42311.37;46;50.0
6e0f4172eb1a100666778826c03b8e87;A;107969300;EMERGENCY STOP MODULE 24VDC/220VAC;2016-11-17;1;-15719.02;46;-2.0
6e0f4172eb1a100666778826c03b8e87;A;123052320;NO-CRUSH-ROLLER 165X65X50;2016-11-17;1;-9013.7;46;-16.0
d1c260f8877e3f5abe6a0169519883dc;A;140957603;LUBRICATION CARTRIDGE 120-ML;2016-12-01;0;5531.89;48;2.0
d1c260f8877e3f5abe6a0169519883dc;A;110991000;PACKING CHARGES (CARTON) 200X200X80;2016-12-01;0;192.37;48;1.0
d697fae4f9be8bb3e778e6bf75908d3b;A;107969300;EMERGENCY STOP MODULE 24VDC/220VAC;2016-12-05;1;-15719.02;49;-2.0
d697fae4f9be8bb3e778e6bf75908d3b;A;123052320;NO-CRUSH-ROLLER 165X65X50;2016-12-05;1;-9013.7;49;-16.0
576b95402407c984bab0cf0e80d9d626;A;111537822;RELAY 2WE/24VDC/8A;2016-12-05;1;138.78;49;1.0
576b95402407c984bab0cf0e80d9d626;A;127811010;METERING UNIT S7/ET200S/1COUNT 5V/500KH;2016-12-05;1;6842.72;49;1.0
576b95402407c984bab0cf0e80d9d626;A;127811043;ANALOG INPUT/OUTPUT S7/ET200S/2*AI/4DMU;2016-12-05;1;4369.45;49;1.0
576b95402407c984bab0cf0e80d9d626;A;127811050;MODULE S7/ET200S/4DI DC24V;2016-12-05;1;3407.62;49;4.0
576b95402407c984bab0cf0e80d9d626;A;127811052;DIGITAL IN/OUTPUT;2016-12-05;1;8409.13;49;3.0
576b95402407c984bab0cf0e80d9d626;A;155470310;EMERGENCY STOP MODULE 8I/24 VDC;2016-12-05;1;5578.6;49;1.0
576b95402407c984bab0cf0e80d9d626;A;155470321;EMERGENCY STOP MODULE 24 VDC 3Q;2016-12-05;1;7199.97;49;1.0
1bb4f8963f9b889c5859008c6755a467;A;100335702;BACOMIN V42-50 UNIVERSAL 400ML;2016-12-06;0;26177.12;49;10.0
1bb4f8963f9b889c5859008c6755a467;A;V00000025;PACKING CHARGES (CARTON);2016-12-06;0;192.37;49;1.0
f1b50364ff5714abd6d557500aee60d1;A;P030PA001;PACKING;2016-12-08;1;192.37;49;1.0
f1b50364ff5714abd6d557500aee60d1;A;P030FR001;FREIGHT CHARGES;2016-12-08;1;439.69;49;1.0
3318c5ccb540c41074270abbb569481b;A;107969300;EMERGENCY STOP MODULE 24VDC/220VAC;2016-12-05;1;15719.02;49;2.0
3318c5ccb540c41074270abbb569481b;A;123052320;NO-CRUSH-ROLLER 165X65X50;2016-12-05;1;9013.7;49;16.0
8bf30a11b450a56cfdfc52c13cf15214;A;163270925;SCRAPER BLADE CORRUDUR® 2550X50X1,5;2016-12-15;1;-3022.89;50;-2.0
8bf30a11b450a56cfdfc52c13cf15214;A;163600425;SCRAPER BLADE 2560X50X1,5;2016-12-15;1;-4177.08;50;-2.0
e13259d1edc5c80a618821fec8806a7e;A;137663;RADIAL SHAFT SEAL A  80,0X100X10;2016-12-21;1;79.42;51;1.0
e13259d1edc5c80a618821fec8806a7e;A;105303965;DISC CUT KNIFE 240X1,2/0,35MM,20°;2016-12-21;1;43749.44;51;8.0
80ad8925406f40cf8f0e4753b5a54581;A;125395110;PRESSURE SENSOR;2016-12-27;0;18961.76;52;2.0
80ad8925406f40cf8f0e4753b5a54581;A;P030PA001;PACKING;2016-12-27;0;192.37;52;1.0
80ad8925406f40cf8f0e4753b5a54581;A;P030FR001;FREIGHT CHARGES;2016-12-27;0;439.69;52;1.0
95670eebd3fd117f6b22641844de87c8;A;P030FR001;FREIGHT CHARGES;2016-12-31;0;1509.8;52;1.0
95670eebd3fd117f6b22641844de87c8;A;P030PA001;PACKING;2016-12-31;0;192.37;52;1.0
b60553947335151e397adfd5808b781f;A;116904600;COLOUR FOR BOARD MARKING QUAL.NR.7100-93;2017-01-04;0;42311.37;1;50.0
5dfb1ac0a1c5ab7f4362eefc6f8b169b;A;108508399;PRESSURE SHOE, COMPLETE;2017-01-13;0;33044.02;2;33.0
5dfb1ac0a1c5ab7f4362eefc6f8b169b;A;118308700;PACKING CHARGES (CARTON) 330X163X172 MM;2017-01-13;0;192.37;2;1.0
b76bc4e91b273a6b475d6898b973069c;A;P030FR001;FREIGHT CHARGES;2017-01-23;1;1454.83;4;1.0
b76bc4e91b273a6b475d6898b973069c;A;P030PA001;PACKING;2017-01-23;1;192.37;4;1.0
b8d237a0e1740841dc8d400d34a8a8a7;A;P030FR001;FREIGHT CHARGES;2017-01-23;1;-1454.83;4;-1.0
b8d237a0e1740841dc8d400d34a8a8a7;A;P030PA001;PACKING;2017-01-23;1;-192.37;4;-1.0
58903eff6835ad955ea73a5ebf8cf9d0;A;111537822;RELAY 2WE/24VDC/8A;2017-01-24;0;138.78;4;1.0
58903eff6835ad955ea73a5ebf8cf9d0;A;127811010;METERING UNIT S7/ET200S/1COUNT 5V/500KH;2017-01-24;0;6842.72;4;1.0
58903eff6835ad955ea73a5ebf8cf9d0;A;127811043;ANALOG INPUT/OUTPUT S7/ET200S/2*AI/4DMU;2017-01-24;0;4369.45;4;1.0
58903eff6835ad955ea73a5ebf8cf9d0;A;127811050;MODULE S7/ET200S/4DI DC24V;2017-01-24;0;3407.62;4;4.0
58903eff6835ad955ea73a5ebf8cf9d0;A;155470310;EMERGENCY STOP MODULE 8I/24 VDC;2017-01-24;0;5578.6;4;1.0
58903eff6835ad955ea73a5ebf8cf9d0;A;155470321;EMERGENCY STOP MODULE 24 VDC 3Q;2017-01-24;0;7199.97;4;1.0
58903eff6835ad955ea73a5ebf8cf9d0;A;127811052;DIGITAL IN/OUTPUT;2017-01-24;0;8409.13;4;3.0
58903eff6835ad955ea73a5ebf8cf9d0;A;P030FR001;FREIGHT CHARGES;2017-01-24;0;604.58;4;1.0
afae4a7e08b2b0777bc119b769758bfd;A;P030FR001;FREIGHT CHARGES;2017-01-24;1;1454.83;4;1.0
afae4a7e08b2b0777bc119b769758bfd;A;P030PA001;PACKING;2017-01-24;1;192.37;4;1.0
d71825986d946fc814a4c1bd442933c8;A;P030PA001;PACKING;2017-01-25;1;192.37;4;1.0
d71825986d946fc814a4c1bd442933c8;A;P030FR001;FREIGHT CHARGES;2017-01-25;1;439.69;4;1.0
4750d0cf12652d2412fa4a3cf57d8ab7;A;111138400;COUNTERSUNK SCREW M4X10;2017-02-02;0;47.54;5;2.0
4750d0cf12652d2412fa4a3cf57d8ab7;A;111125400;LEDGE 8X8X95;2017-02-02;0;1497.43;5;2.0
4750d0cf12652d2412fa4a3cf57d8ab7;A;110597400;ECCENTRIC DISK RD.15X10;2017-02-02;0;657.34;5;2.0
4750d0cf12652d2412fa4a3cf57d8ab7;A;110991000;PACKING CHARGES (CARTON) 200X200X80;2017-02-02;0;192.37;5;1.0
2fece2d8dc1004763c27b262ebec2ce7;A;105303965;DISC CUT KNIFE 240X1,2/0,35MM,20°;2017-02-03;1;38280.76;5;7.0
2fece2d8dc1004763c27b262ebec2ce7;A;105406991;GRINDING WHEEL 50X11X19MM;2017-02-03;1;5386.24;5;4.0
2fece2d8dc1004763c27b262ebec2ce7;A;114519400;SUPPORT RING SG38.8X45X1.4G;2017-02-03;1;840.91;5;2.0
2fece2d8dc1004763c27b262ebec2ce7;A;124352302;TRANSMITTER 11-27 VDC;2017-02-03;1;16406.04;5;1.0
2fece2d8dc1004763c27b262ebec2ce7;A;178188401;LIGHT BARRIER 24 VDC;2017-02-03;1;3737.39;5;1.0
69caf411c04d0db487e6d86f74bc0aa9;A;108390410;CARBON BRUSH;2017-02-12;0;25867.68;6;12.0
69caf411c04d0db487e6d86f74bc0aa9;A;110991000;PACKING CHARGES (CARTON) 200X200X80;2017-02-12;0;192.37;6;1.0
71fde42e40801c2c94bd128e75719af1;A;111537822;RELAY 2WE/24VDC/8A;2017-02-18;0;-138.78;7;-1.0
71fde42e40801c2c94bd128e75719af1;A;127811010;METERING UNIT S7/ET200S/1COUNT 5V/500KH;2017-02-18;0;-6842.72;7;-1.0
71fde42e40801c2c94bd128e75719af1;A;127811043;ANALOG INPUT/OUTPUT S7/ET200S/2*AI/4DMU;2017-02-18;0;-4369.45;7;-1.0
71fde42e40801c2c94bd128e75719af1;A;127811050;MODULE S7/ET200S/4DI DC24V;2017-02-18;0;-3407.62;7;-4.0
71fde42e40801c2c94bd128e75719af1;A;155470310;EMERGENCY STOP MODULE 8I/24 VDC;2017-02-18;0;-5578.6;7;-1.0
71fde42e40801c2c94bd128e75719af1;A;155470321;EMERGENCY STOP MODULE 24 VDC 3Q;2017-02-18;0;-7199.97;7;-1.0
71fde42e40801c2c94bd128e75719af1;A;127811052;DIGITAL IN/OUTPUT;2017-02-18;0;-8409.13;7;-3.0
71fde42e40801c2c94bd128e75719af1;A;P030FR001;FREIGHT CHARGES;2017-02-18;0;-604.58;7;-1.0
6d052824b4a734c034ed9dfc834d6e60;A;104581595;BRAKE LINING CORRUDUR® 64X5X10;2017-02-23;1;4946.55;8;8.0
6d052824b4a734c034ed9dfc834d6e60;A;103560703;BELT 80X2450X3;2017-02-23;1;9755.69;8;5.0
8eebc9cd68f214aea9da1faab10637d9;A;P030FR001;FREIGHT CHARGES;2017-02-27;1;1471.6;9;1.0
8eebc9cd68f214aea9da1faab10637d9;A;P030PA001;PACKING;2017-02-27;1;192.37;9;1.0
9482895400cf3a9f73962665e898b742;A;104581551;CALIPER OF THE DISK BRAKE;2017-03-20;0;24033.06;12;2.0
9482895400cf3a9f73962665e898b742;A;104581528;SPRING;2017-03-20;0;2244.36;12;8.0
9482895400cf3a9f73962665e898b742;A;104581529;SEALING RING 60X  50X  7;2017-03-20;0;13224.04;12;16.0
9482895400cf3a9f73962665e898b742;A;104230500;FOAM RUBBER 60X12X2600;2017-03-20;0;828.82;12;2.0
9482895400cf3a9f73962665e898b742;A;107440100;NAP FOIL 120 MM BR/25 M;2017-03-20;0;11562.82;12;25.0
9482895400cf3a9f73962665e898b742;A;511387.01;BRUSH 2,0X400X510;2017-03-20;0;41205.0;12;10.0
9482895400cf3a9f73962665e898b742;A;110680400;PACKING CHARGES (PAL-BOX I) 830X580X680;2017-03-20;0;1099.23;12;1.0
31f2b58c6ac6f6028002fc8708b42be9;A;209361702;FABRIC TAPE 120 MM BREIT;2017-03-20;0;6544.55;12;3.0
31f2b58c6ac6f6028002fc8708b42be9;A;110991002;PACKING CHARGES (CARTON) 300X300X200;2017-03-20;0;192.37;12;1.0
30e7d839180362977b0b1ebfa5f12ba5;A;111743300;HYSYN V150 CUT H1 CORRULUB® 20L;2017-03-20;0;53420.49;12;60.0
30722b576e758596725538b02a2bfca1;A;121010690;"SET OF SEALS K=1 1/2""";2017-03-29;0;83027.76;13;3.0
30722b576e758596725538b02a2bfca1;A;110991001;PACKING CHARGES (CARTON) 200X200X150;2017-03-29;0;192.37;13;1.0
7b5a3181099f8eea989051ecd8a5cff3;A;108079901;CLAMPING ELEMENT;2017-04-05;0;4400.78;14;2.0
7b5a3181099f8eea989051ecd8a5cff3;A;110991000;PACKING CHARGES (CARTON) 200X200X80;2017-04-05;0;192.37;14;1.0
68a9218aaf56cd5653d4cc8913d15854;A;553374;SEALING ELEMENT RAD.288.5X260;2017-04-21;0;2409.24;16;2.0
68a9218aaf56cd5653d4cc8913d15854;A;118308700;PACKING CHARGES (CARTON) 330X163X172 MM;2017-04-21;0;192.37;16;1.0
688418c867f9b3a90c8d812c02c93391;A;105303965;DISC CUT KNIFE 240X1,2/0,35MM,20°;2017-04-21;1;76561.53;16;14.0
688418c867f9b3a90c8d812c02c93391;A;107254210;FELT 46X35X10MM;2017-04-21;1;11541.94;16;600.0
688418c867f9b3a90c8d812c02c93391;A;105406991;GRINDING WHEEL 50X11X19MM;2017-04-21;1;24238.07;16;18.0
688418c867f9b3a90c8d812c02c93391;A;123052310;NO-CRUSH-ROLLER 165X65X50;2017-04-21;1;4506.85;16;8.0
b2bc3eba8b1f47e4ccb37b51de7307a2;A;P030PA001;PACKING;2017-04-21;1;192.37;16;1.0
b2bc3eba8b1f47e4ccb37b51de7307a2;A;P030FR001;FREIGHT CHARGES;2017-04-21;1;2651.9;16;1.0
eabca22ecd5f746e02659d7945319ef1;A;136481820;NO-CRUSH-ROLLER 180X65X50;2017-04-24;1;13671.7;17;25.0
9c6333d928a6aa8ea42dd3a4f2e52fe6;A;136481820;NO-CRUSH-ROLLER 180X65X50;2017-04-25;1;13671.7;17;25.0
3fcf1ca00fee151f1efd6e8b82fe225d;A;553374;SEALING ELEMENT RAD.288.5X260;2017-04-26;0;3176.78;17;4.0
58b84fe7423bdcd6b7fcd948e2105e7d;A;105303965;DISC CUT KNIFE 240X1,2/0,35MM,20°;2017-04-27;1;54686.8;17;10.0
58b84fe7423bdcd6b7fcd948e2105e7d;A;204231295;KNIFE 1300X50X1.5;2017-04-27;1;8079.36;17;2.0
58b84fe7423bdcd6b7fcd948e2105e7d;A;105073880;KNIFE 2540X28X8 AB2500;2017-04-27;1;26038.06;17;1.0
58b84fe7423bdcd6b7fcd948e2105e7d;A;105073780;KNIFE 2540X32X8 AB2500;2017-04-27;1;26038.06;17;1.0
58b84fe7423bdcd6b7fcd948e2105e7d;A;177592300;PLATE SPRING 8,4X15X2;2017-04-27;1;1701.61;17;86.0
58b84fe7423bdcd6b7fcd948e2105e7d;A;100441800;SUPPORTING PLATE S 10X16X1,2;2017-04-27;1;1701.61;17;86.0
58b84fe7423bdcd6b7fcd948e2105e7d;A;191757201;LENS HEAD SCREW M8X25;2017-04-27;1;1701.61;17;86.0
58b84fe7423bdcd6b7fcd948e2105e7d;A;191757200;LENS HEAD SCREW M8X16;2017-04-27;1;158.29;17;8.0
58b84fe7423bdcd6b7fcd948e2105e7d;A;177671310;ADHESIVE LABEL;2017-04-27;1;277.56;17;2.0
58b84fe7423bdcd6b7fcd948e2105e7d;A;173687700;TORX SOCKET GR.TX40 1/2-ZOLL;2017-04-27;1;189.62;17;1.0
e11478fcd885367e4995b3b5c10dbdb4;A;125395110;PRESSURE SENSOR;2017-04-29;0;-18961.76;17;-2.0
e11478fcd885367e4995b3b5c10dbdb4;A;P030PA001;PACKING;2017-04-29;0;-192.37;17;-1.0
e11478fcd885367e4995b3b5c10dbdb4;A;P030FR001;FREIGHT CHARGES;2017-04-29;0;-439.69;17;-1.0
3ea0e0be6d16a253075909d4fde358e3;A;P030PA001;PACKING;2017-05-02;1;1566.41;18;1.0
3ea0e0be6d16a253075909d4fde358e3;A;P030FR001;FREIGHT CHARGES;2017-05-02;1;1484.79;18;1.0
f45b0e8f56cfbc3f8ab3a7bfee8035a4;A;117712402;TOOTHED BELT GT 40X 8X 720;2017-05-15;1;766.71;20;1.0
f45b0e8f56cfbc3f8ab3a7bfee8035a4;A;185620;TOOTHED BELT HTD 30X8X640;2017-05-15;1;423.2;20;1.0
0852fcbad50435e69c06f7faaa53c3f3;A;111125303;GLUE DAM JOINT 3X260X220;2017-05-18;1;5606.08;20;2.0
0852fcbad50435e69c06f7faaa53c3f3;A;111125199;GLUE DAM JOINT 3X128X197;2017-05-18;1;1621.37;20;1.0
0852fcbad50435e69c06f7faaa53c3f3;A;111125198;GLUE DAM JOINT 3X128X197;2017-05-18;1;1621.37;20;1.0
b03ef6df6612db66c57034f75385afb4;A;P030FR001;FREIGHT CHARGES;2017-05-22;1;255.57;21;1.0
b03ef6df6612db66c57034f75385afb4;A;P030PA001;PACKING;2017-05-22;1;192.37;21;1.0
d40b844d7043c5c119da1f50ff862fde;A;104581529;SEALING RING 60X  50X  7;2017-05-23;1;20610.6;21;25.0
e1128e479e2d5f1a3a8d0fb7d7e73913;A;185620;TOOTHED BELT HTD 30X8X640;2017-05-23;1;846.41;21;2.0
2820a2d36503e10a34948c78ffff056d;A;121606100;RETURN SPRING;2017-05-24;0;3601.36;21;12.0
2820a2d36503e10a34948c78ffff056d;A;121606101;RETURN SPRING;2017-05-24;0;3601.36;21;12.0
2820a2d36503e10a34948c78ffff056d;A;110991000;PACKING CHARGES (CARTON) 200X200X80;2017-05-24;0;192.37;21;1.0
9b244293763473d1b3c4f71c30562728;A;P030PA001;PACKING;2017-05-29;1;384.73;22;1.0
9b244293763473d1b3c4f71c30562728;A;P030FR001;FREIGHT CHARGES;2017-05-29;1;1648.57;22;1.0
6653cd63a251d5a6540d12d0285099c7;A;P030FR001;FREIGHT CHARGES;2017-05-29;1;255.57;22;1.0
6653cd63a251d5a6540d12d0285099c7;A;P030PA001;PACKING;2017-05-29;1;192.37;22;1.0
5cc4859d009752a3976ee9dc91d2b202;A;P030FR001;FREIGHT CHARGES;2017-05-29;1;255.57;22;1.0
5cc4859d009752a3976ee9dc91d2b202;A;P030PA001;PACKING;2017-05-29;1;192.37;22;1.0
649c2675aebd76f2b19f15764bc983cf;A;198302400;RADIAL SHAFT SEAL A 80,0X100X10;2017-05-30;0;2284.2;22;8.0
649c2675aebd76f2b19f15764bc983cf;A;198305600;RADIAL SHAFT SEAL A 110,0X140X12;2017-05-30;0;6188.13;22;9.0
649c2675aebd76f2b19f15764bc983cf;A;110991001;PACKING CHARGES (CARTON) 200X200X150;2017-05-30;0;192.37;22;1.0
a42cab718b361e92377bdf20f07af619;A;102955404;BRUSH 1,0X300X510;2017-05-30;0;14745.65;22;5.0
a42cab718b361e92377bdf20f07af619;A;511387.01;BRUSH 2,0X400X510;2017-05-30;0;59605.04;22;15.0
a42cab718b361e92377bdf20f07af619;A;110680400;PACKING CHARGES (PAL-BOX I) 830X580X680;2017-05-30;0;1099.23;22;1.0
52d7586a7986cb8d371d5e8d85cf5da4;A;P030FR001;FREIGHT CHARGES;2017-05-30;1;655.14;22;1.0
52d7586a7986cb8d371d5e8d85cf5da4;A;P030PA001;PACKING;2017-05-30;1;192.37;22;1.0
8d2fcbbf1b606a0b7de603c73df13894;A;198302400;RADIAL SHAFT SEAL A 80,0X100X10;2017-05-31;0;4503.55;22;16.0
8d2fcbbf1b606a0b7de603c73df13894;A;198305600;RADIAL SHAFT SEAL A 110,0X140X12;2017-05-31;0;10175.04;22;15.0
8d2fcbbf1b606a0b7de603c73df13894;A;110991002;PACKING CHARGES (CARTON) 300X300X200;2017-05-31;0;192.37;22;1.0
213b4149118485b57e548096d2c7df27;A;176636001;CHECK VALVE G1/4-G1/4-M 5;2017-06-09;0;4669.81;23;2.0
213b4149118485b57e548096d2c7df27;A;114743800;L-SHAPED THREAD.PIPE CONNECTION M5X0.8-4;2017-06-09;0;91.51;23;1.0
213b4149118485b57e548096d2c7df27;A;116854500;PNEUMATIC THROTTLE 9X4;2017-06-09;0;3840.99;23;20.0
213b4149118485b57e548096d2c7df27;A;110991000;PACKING CHARGES (CARTON) 200X200X80;2017-06-09;0;192.37;23;1.0
5fb1b537562b3d8f2bfa426868f3fc7f;A;107897730;HOLDING DEVICE 40X10X90;2017-06-19;0;5092.19;25;3.0
5fb1b537562b3d8f2bfa426868f3fc7f;A;110991000;PACKING CHARGES (CARTON) 200X200X80;2017-06-19;0;192.37;25;1.0
cb0ab6b2dfc9ce0597e77e409901ff85;A;105303965;DISC CUT KNIFE 240X1,2/0,35MM,20°;2017-06-21;1;43749.44;25;8.0
cb0ab6b2dfc9ce0597e77e409901ff85;A;105406991;GRINDING WHEEL 50X11X19MM;2017-06-21;1;2693.12;25;2.0
cb0ab6b2dfc9ce0597e77e409901ff85;A;111125303;GLUE DAM JOINT 3X260X220;2017-06-21;1;5606.08;25;2.0
cb0ab6b2dfc9ce0597e77e409901ff85;A;111125199;GLUE DAM JOINT 3X128X197;2017-06-21;1;1621.37;25;1.0
cb0ab6b2dfc9ce0597e77e409901ff85;A;111125198;GLUE DAM JOINT 3X128X197;2017-06-21;1;1621.37;25;1.0
cb0ab6b2dfc9ce0597e77e409901ff85;A;110658000;TOOTHED BELT 15X 5X 500;2017-06-21;1;560.61;25;2.0
cb0ab6b2dfc9ce0597e77e409901ff85;A;131672130;O-RING 37,69X3,53;2017-06-21;1;846.41;25;2.0
cb0ab6b2dfc9ce0597e77e409901ff85;A;105073880;KNIFE 2540X28X8 AB2500;2017-06-21;1;26038.06;25;1.0
cb0ab6b2dfc9ce0597e77e409901ff85;A;105073780;KNIFE 2540X32X8 AB2500;2017-06-21;1;26038.06;25;1.0
cb0ab6b2dfc9ce0597e77e409901ff85;A;177592300;PLATE SPRING 8,4X15X2;2017-06-21;1;1701.61;25;86.0
cb0ab6b2dfc9ce0597e77e409901ff85;A;100441800;SUPPORTING PLATE S 10X16X1,2;2017-06-21;1;1701.61;25;86.0
cb0ab6b2dfc9ce0597e77e409901ff85;A;191757201;LENS HEAD SCREW M8X25;2017-06-21;1;1701.61;25;86.0
cb0ab6b2dfc9ce0597e77e409901ff85;A;191757200;LENS HEAD SCREW M8X16;2017-06-21;1;158.29;25;8.0
cb0ab6b2dfc9ce0597e77e409901ff85;A;177671310;ADHESIVE LABEL;2017-06-21;1;277.56;25;2.0
cb0ab6b2dfc9ce0597e77e409901ff85;A;173687700;TORX SOCKET GR.TX40 1/2-ZOLL;2017-06-21;1;189.62;25;1.0
91191d828439bca3f72bf8f134e73915;A;136481820;NO-CRUSH-ROLLER 180X65X50;2017-06-21;1;27343.4;25;50.0
95a476aaae0e2d5722ecc3884b19990e;A;P030PA001;PACKING;2017-06-22;0;192.37;25;1.0
95a476aaae0e2d5722ecc3884b19990e;A;P030PA001;PACKING;2017-06-22;0;1374.04;25;1.0
95a476aaae0e2d5722ecc3884b19990e;A;P030FR001;FREIGHT CHARGES;2017-06-22;0;2653.0;25;1.0
3d218f1a6e81e055817886b2c12ba413;A;P030PA001;PACKING;2017-06-22;1;384.73;25;2.0
3d218f1a6e81e055817886b2c12ba413;A;P030FR001;FREIGHT CHARGES;2017-06-22;1;3731.89;25;1.0
3551d3f837b2d94406482f99afbe6b05;A;112540505;"3/2-WAY-BALL COCK 1 1/2"" DN40 -22220E";2017-07-07;0;29249.2;27;1.0
3551d3f837b2d94406482f99afbe6b05;A;110991002;PACKING CHARGES (CARTON) 300X300X200;2017-07-07;0;197.86;27;1.0
5535db787756020501fdcf181608cdc8;A;124238100;FLAT PACKING DN25;2017-07-26;0;2130.86;30;20.0
5535db787756020501fdcf181608cdc8;A;110991000;PACKING CHARGES (CARTON) 200X200X80;2017-07-26;0;197.86;30;1.0
ea762f56b1d33c6b54def08119dec287;A;111972100;PLATE BL6X90X100;2017-08-02;0;3003.65;31;1.0
ea762f56b1d33c6b54def08119dec287;A;110991000;PACKING CHARGES (CARTON) 200X200X80;2017-08-02;0;197.86;31;1.0
e3c21eb111334784c0c2bb43734ec045;A;119826410;"STEAM HOSE 1""X350MM";2017-08-07;1;2170.98;32;1.0
e3c21eb111334784c0c2bb43734ec045;A;105303965;DISC CUT KNIFE 240X1,2/0,35MM,20°;2017-08-07;1;22534.26;32;4.0
e3c21eb111334784c0c2bb43734ec045;A;130343910;"PROXIMITY SWITCH 10-30VDC;PNP;M8";2017-08-07;1;434.2;32;1.0
e3c21eb111334784c0c2bb43734ec045;A;163600425;SCRAPER BLADE 2560X50X1,5;2017-08-07;1;2143.5;32;1.0
89204e5fa11c4eb2938b72b9e19c1700;A;105073880;KNIFE 2540X28X8 AB2500;2017-08-09;1;-941.49;32;-1.0
89204e5fa11c4eb2938b72b9e19c1700;A;105073780;KNIFE 2540X32X8 AB2500;2017-08-09;1;-941.49;32;-1.0
945ba525b4ee0d212cbbfcd45a93d7d6;A;105073880;KNIFE 2540X28X8 AB2500;2017-08-09;1;-941.49;32;-1.0
945ba525b4ee0d212cbbfcd45a93d7d6;A;105073780;KNIFE 2540X32X8 AB2500;2017-08-09;1;-941.49;32;-1.0
65877043c3025766765f869b4e5217b8;A;100335702;BACOMIN V42-50 UNIVERSAL 400ML;2017-08-22;0;5642.08;34;2.0
65877043c3025766765f869b4e5217b8;A;121606101;RETURN SPRING;2017-08-22;0;5943.55;34;20.0
65877043c3025766765f869b4e5217b8;A;121606100;RETURN SPRING;2017-08-22;0;5943.55;34;20.0
65877043c3025766765f869b4e5217b8;A;118308700;PACKING CHARGES (CARTON) 330X163X172 MM;2017-08-22;0;197.86;34;1.0
db373803b6f985e62fa04db977bc09f4;A;124238200;FLAT PACKING DN50;2017-08-31;0;892.03;35;6.0
db373803b6f985e62fa04db977bc09f4;A;125252100;FLAT PACKING DN40;2017-08-31;0;883.78;35;6.0
db373803b6f985e62fa04db977bc09f4;A;102955400;BRUSH 1X300X1300;2017-08-31;0;41444.63;35;4.0
db373803b6f985e62fa04db977bc09f4;A;V00000005;PACKING CHARGES (BOX) 1540X540X340MM;2017-08-31;0;2748.08;35;1.0
cf4707ad80310bffe60af3b34e31dcf1;A;117361000;LUBRICATION FELT AB 2500;2017-09-05;0;17674.01;36;2.0
cf4707ad80310bffe60af3b34e31dcf1;A;110991002;PACKING CHARGES (CARTON) 300X300X200;2017-09-05;0;197.86;36;1.0
844d308b571efc56fe820940e3f4f601;A;100335702;BACOMIN V42-50 UNIVERSAL 400ML;2017-09-07;0;3404.05;36;1.0
844d308b571efc56fe820940e3f4f601;A;118308700;PACKING CHARGES (CARTON) 330X163X172 MM;2017-09-07;0;197.86;36;1.0
c57a7b33236a44e24678a5f02a0bc71a;A;600700;CONVEYOR BELT 80X 3;2017-09-07;1;11404.53;36;50.0
c57a7b33236a44e24678a5f02a0bc71a;A;148143400;HOOK BELT FASTENER G006-SS-600W;2017-09-07;1;6727.3;36;4.8
c57a7b33236a44e24678a5f02a0bc71a;A;131672130;O-RING 37,69X3,53;2017-09-07;1;868.39;36;2.0
c57a7b33236a44e24678a5f02a0bc71a;A;107254210;FELT 46X35X10MM;2017-09-07;1;9893.09;36;500.0
c57a7b33236a44e24678a5f02a0bc71a;A;105303965;DISC CUT KNIFE 240X1,2/0,35MM,20°;2017-09-07;1;33801.39;36;6.0
c57a7b33236a44e24678a5f02a0bc71a;A;123052320;NO-CRUSH-ROLLER 165X65X50;2017-09-07;1;9277.52;36;16.0
ae94db7524bc9e4332c76240c7b7076c;A;105073880;KNIFE 2540X28X8 AB2500;2017-09-07;1;57489.85;36;2.0
ae94db7524bc9e4332c76240c7b7076c;A;105073780;KNIFE 2540X32X8 AB2500;2017-09-07;1;57489.85;36;2.0
573f3dd653ff9eeaad484b95418ddeef;A;125804600;GAS PRESSURE SPRING D19/H150/F 200N;2017-09-11;0;10908.23;37;2.0
573f3dd653ff9eeaad484b95418ddeef;A;110991002;PACKING CHARGES (CARTON) 300X300X200;2017-09-11;0;197.86;37;1.0
29624622d7ff96a23d34488459159c63;A;155448002;BHS-ACTIVE DECALCER 2,5L;2017-09-11;0;4098.21;37;2.0
29624622d7ff96a23d34488459159c63;A;110991002;PACKING CHARGES (CARTON) 300X300X200;2017-09-11;0;197.86;37;1.0
3e2f677eff1032ebcd1272a2d8a655e4;A;121092000;POLISHING WHEEL 100X25;2017-09-20;0;5497.81;38;5.0
3e2f677eff1032ebcd1272a2d8a655e4;A;121092002;POLISHING WHEEL AD200/ID30-B5;2017-09-20;0;1020.64;38;3.0
3e2f677eff1032ebcd1272a2d8a655e4;A;173655500;COLLET CHUCK;2017-09-20;0;5420.31;38;1.0
3e2f677eff1032ebcd1272a2d8a655e4;A;110991002;PACKING CHARGES (CARTON) 300X300X200;2017-09-20;0;197.86;38;1.0
3cafc9620c3832fa229f70228af3944b;A;280447600;PRESSURE SPRAYER 1,5 LITER;2017-09-21;0;3592.84;38;4.0
3cafc9620c3832fa229f70228af3944b;A;110991003;PACKING CHARGES (CARTON) 360X360X250;2017-09-21;0;197.86;38;1.0
50e632c9d3a53a322e5329c01b088856;A;105303965;DISC CUT KNIFE 240X1,2/0,35MM,20°;2017-09-25;1;61969.22;39;11.0
50e632c9d3a53a322e5329c01b088856;A;105406991;GRINDING WHEEL 50X11X19MM;2017-09-25;1;16620.39;39;12.0
546cb91ca7bc351df2831e09d3f70c59;A;109612501;SEALING LEDGE 5,5X65X2600;2017-09-26;0;2974.52;39;2.0
546cb91ca7bc351df2831e09d3f70c59;A;180245600;SHOE 62,5X62,5X50LG;2017-09-26;0;2673.33;39;1.0
546cb91ca7bc351df2831e09d3f70c59;A;110991001;PACKING CHARGES (CARTON) 200X200X150;2017-09-26;0;197.86;39;1.0
1584c0a8eabe6813cdc8bb6988bcde00;A;P030PA001;PACKING;2017-09-26;1;192.37;39;1.0
1584c0a8eabe6813cdc8bb6988bcde00;A;P030FR001;FREIGHT CHARGES;2017-09-26;1;1837.09;39;1.0
9be5b917d398dc8c835313e2804b2e62;A;199825801;PERFLU V250 HIGH TEMP 25KG;2017-09-29;0;117661.82;39;25.0
9be5b917d398dc8c835313e2804b2e62;A;111742500;BACOMIN V42-50 UNIVERSAL CORRULUB®;2017-09-29;0;77814.65;39;25.0
9be5b917d398dc8c835313e2804b2e62;A;111742601;GREASE 1KG;2017-09-29;0;17962.28;39;25.0
9be5b917d398dc8c835313e2804b2e62;A;110680400;PACKING CHARGES (PAL-BOX I) 830X580X680;2017-09-29;0;1126.71;39;1.0
62894275bf8a340373a37b71f8a3ac64;A;123052310;NO-CRUSH-ROLLER 165X65X50;2017-10-13;1;15075.97;41;26.0
62894275bf8a340373a37b71f8a3ac64;A;103560703;BELT 80X2450X3;2017-10-13;1;10030.49;41;5.0
4211f0b6e2a3c0ad5e415d6a83dc19c4;A;258526500;CONVEYOR BELT 2700X 8290;2017-10-24;0;100909.79;43;2.0
4211f0b6e2a3c0ad5e415d6a83dc19c4;A;129734200;CONVEYOR BELT 2700X 5270;2017-10-24;0;39770.77;43;1.0
4211f0b6e2a3c0ad5e415d6a83dc19c4;A;180280;CONNECTING WIRE FOR BELT T 1,5 /12 METER;2017-10-24;0;11221.79;43;3.0
4211f0b6e2a3c0ad5e415d6a83dc19c4;A;V00000019;PACKING CHARGES (EUR-PALLET) 1200X800X14;2017-10-24;0;412.21;43;1.0
cdedb4f47e976754ed525a7ad0834a13;A;511387.01;BRUSH 2,0X400X510;2017-10-26;0;116641.73;43;30.0
cdedb4f47e976754ed525a7ad0834a13;A;102955404;BRUSH 1,0X300X510;2017-10-26;0;28781.47;43;10.0
cdedb4f47e976754ed525a7ad0834a13;A;110680400;PACKING CHARGES (PAL-BOX I) 830X580X680;2017-10-26;0;1126.71;43;1.0
f70a90cb2297b27cab25909b2c8b08f5;A;105303965;DISC CUT KNIFE 240X1,2/0,35MM,20°;2017-11-21;1;90137.04;47;16.0
f70a90cb2297b27cab25909b2c8b08f5;A;105406991;GRINDING WHEEL 50X11X19MM;2017-11-21;1;24930.59;47;18.0
f70a90cb2297b27cab25909b2c8b08f5;A;131672130;O-RING 37,69X3,53;2017-11-21;1;868.39;47;2.0
b678225a2940e5febf22dcfcc818a11e;A;P030PA001;PACKING;2017-11-21;1;192.37;47;1.0
b678225a2940e5febf22dcfcc818a11e;A;P030FR001;FREIGHT CHARGES;2017-11-21;1;2223.2;47;1.0
09dac0b8de718b9179354458169044ad;A;P030PA001;PACKING;2017-11-22;1;1374.04;47;1.0
09dac0b8de718b9179354458169044ad;A;P030FR001;FREIGHT CHARGES;2017-11-22;1;3182.28;47;1.0
b1e826b02ab39d6f8f082bb79f60def6;A;123844610;TRANSMITTER 11-27 VDC;2017-11-23;0;13960.25;47;1.0
f8fe91e11b555fe9ecc7b40f893792bb;A;111657505;"LOCKING COUPLING NW=8 3/8""I-GEW.";2017-11-28;0;6489.32;48;2.0
f8fe91e11b555fe9ecc7b40f893792bb;A;110991000;PACKING CHARGES (CARTON) 200X200X80;2017-11-28;0;197.86;48;1.0
a21a9c3aa84cc38a6c999e4562a97a98;A;114519400;SUPPORT RING SG38.8X45X1.4G;2017-12-27;1;4314.49;52;10.0
a21a9c3aa84cc38a6c999e4562a97a98;A;131672130;O-RING 37,69X3,53;2017-12-27;1;4341.97;52;10.0
e96f3a623cdf1be0abdc728312c3276d;A;P030PA001;PACKING;2017-12-29;1;1566.41;52;1.0
e96f3a623cdf1be0abdc728312c3276d;A;P030FR001;FREIGHT CHARGES;2017-12-29;1;2750.83;52;1.0
df151aa516e43ed0c4a2f9c501061bd6;A;P030PA001;PACKING;2017-12-29;1;197.86;52;1.0
df151aa516e43ed0c4a2f9c501061bd6;A;P030FR001;FREIGHT CHARGES;2017-12-29;1;2231.17;52;1.0
680cf54d33f3cb7acaf233134c9c2c91;A;P030PA001;PACKING;2017-12-29;1;197.86;52;1.0
680cf54d33f3cb7acaf233134c9c2c91;A;P030FR001;FREIGHT CHARGES;2017-12-29;1;475.42;52;1.0
0aa8457762479f6cc260dd40a45f76cc;A;181300;"ROTARY STEAM JOINT R 1 1/4""";2018-01-04;1;37841.07;1;1.0
0aa8457762479f6cc260dd40a45f76cc;A;185620;TOOTHED BELT HTD 30X8X640;2018-01-04;1;868.39;1;2.0
0aa8457762479f6cc260dd40a45f76cc;A;104230500;FOAM RUBBER 60X12X2600;2018-01-04;1;1505.95;1;4.0
0aa8457762479f6cc260dd40a45f76cc;A;107408700;FLAT SPRING 0,8X10X56;2018-01-04;1;571.6;1;4.0
0aa8457762479f6cc260dd40a45f76cc;A;107988610;TOOTHED BELT HTD 50X8MX2000 CXP;2018-01-04;1;4644.26;1;1.0
0aa8457762479f6cc260dd40a45f76cc;A;111125199;GLUE DAM JOINT 3X128X197;2018-01-04;1;3352.66;1;2.0
0aa8457762479f6cc260dd40a45f76cc;A;114122600;DIGITAL IN/OUTPUT 6ES7 321-1BL00-0AA0;2018-01-04;1;35120.47;1;3.0
0aa8457762479f6cc260dd40a45f76cc;A;114519400;SUPPORT RING SG38.8X45X1.4G;2018-01-04;1;5177.38;1;12.0
0aa8457762479f6cc260dd40a45f76cc;A;119814002;LIMIT SWITCH SCHARNIER 3Ö;2018-01-04;1;15004.52;1;3.0
0aa8457762479f6cc260dd40a45f76cc;A;122356100;"FLAT PACKING 1""";2018-01-04;1;163.24;1;2.0
0aa8457762479f6cc260dd40a45f76cc;A;122745004;TOOTHED BELT 30X 5X 565;2018-01-04;1;4660.74;1;8.0
0aa8457762479f6cc260dd40a45f76cc;A;124238100;FLAT PACKING DN25;2018-01-04;1;816.18;1;10.0
0aa8457762479f6cc260dd40a45f76cc;A;124295000;DIGITAL IN/OUTPUT DI16;2018-01-04;1;7749.59;1;1.0
0aa8457762479f6cc260dd40a45f76cc;A;127811051;MODULE;2018-01-04;1;1319.08;1;1.0
0aa8457762479f6cc260dd40a45f76cc;A;136481820;NO-CRUSH-ROLLER 180X65X50;2018-01-04;1;14083.91;1;25.0
0aa8457762479f6cc260dd40a45f76cc;A;155470330;EMERGENCY STOP MODULE B45H84T121MM;2018-01-04;1;18522.06;1;1.0
0aa8457762479f6cc260dd40a45f76cc;A;163270925;SCRAPER BLADE CORRUDUR® 2550X50X1,5;2018-01-04;1;1566.41;1;1.0
0aa8457762479f6cc260dd40a45f76cc;A;181300.02;SEAL D116X99X2;2018-01-04;1;4188.07;1;12.0
0aa8457762479f6cc260dd40a45f76cc;A;127811070;SUB-RACK S7/ET200S/24VDC/POWER;2018-01-04;1;434.2;1;1.0
0aa8457762479f6cc260dd40a45f76cc;A;127811031;MODULE S7/ET200S/24VDC/POWER;2018-01-04;1;434.2;1;1.0
0aa8457762479f6cc260dd40a45f76cc;A;105331800;PROXIMITY SWITCH;2018-01-04;1;961.83;1;1.0
1d33ef9264ed871b2c7d3c25b7e0bd5d;A;181300;"ROTARY STEAM JOINT R 1 1/4""";2018-01-04;1;-37841.07;1;-1.0
1d33ef9264ed871b2c7d3c25b7e0bd5d;A;185620;TOOTHED BELT HTD 30X8X640;2018-01-04;1;-868.39;1;-2.0
1d33ef9264ed871b2c7d3c25b7e0bd5d;A;104230500;FOAM RUBBER 60X12X2600;2018-01-04;1;-1505.95;1;-4.0
1d33ef9264ed871b2c7d3c25b7e0bd5d;A;107408700;FLAT SPRING 0,8X10X56;2018-01-04;1;-571.6;1;-4.0
1d33ef9264ed871b2c7d3c25b7e0bd5d;A;107988610;TOOTHED BELT HTD 50X8MX2000 CXP;2018-01-04;1;-4644.26;1;-1.0
1d33ef9264ed871b2c7d3c25b7e0bd5d;A;111125199;GLUE DAM JOINT 3X128X197;2018-01-04;1;-3352.66;1;-2.0
1d33ef9264ed871b2c7d3c25b7e0bd5d;A;114122600;DIGITAL IN/OUTPUT 6ES7 321-1BL00-0AA0;2018-01-04;1;-35120.47;1;-3.0
1d33ef9264ed871b2c7d3c25b7e0bd5d;A;114519400;SUPPORT RING SG38.8X45X1.4G;2018-01-04;1;-5177.38;1;-12.0
1d33ef9264ed871b2c7d3c25b7e0bd5d;A;119814002;LIMIT SWITCH SCHARNIER 3Ö;2018-01-04;1;-15004.52;1;-3.0
1d33ef9264ed871b2c7d3c25b7e0bd5d;A;122356100;"FLAT PACKING 1""";2018-01-04;1;-163.24;1;-2.0
1d33ef9264ed871b2c7d3c25b7e0bd5d;A;122745004;TOOTHED BELT 30X 5X 565;2018-01-04;1;-4660.74;1;-8.0
1d33ef9264ed871b2c7d3c25b7e0bd5d;A;124238100;FLAT PACKING DN25;2018-01-04;1;-816.18;1;-10.0
1d33ef9264ed871b2c7d3c25b7e0bd5d;A;124295000;DIGITAL IN/OUTPUT DI16;2018-01-04;1;-7749.59;1;-1.0
1d33ef9264ed871b2c7d3c25b7e0bd5d;A;127811051;MODULE;2018-01-04;1;-1319.08;1;-1.0
1d33ef9264ed871b2c7d3c25b7e0bd5d;A;136481820;NO-CRUSH-ROLLER 180X65X50;2018-01-04;1;-14083.91;1;-25.0
1d33ef9264ed871b2c7d3c25b7e0bd5d;A;155470330;EMERGENCY STOP MODULE B45H84T121MM;2018-01-04;1;-18522.06;1;-1.0
1d33ef9264ed871b2c7d3c25b7e0bd5d;A;163270925;SCRAPER BLADE CORRUDUR® 2550X50X1,5;2018-01-04;1;-1566.41;1;-1.0
1d33ef9264ed871b2c7d3c25b7e0bd5d;A;181300.02;SEAL D116X99X2;2018-01-04;1;-4188.07;1;-12.0
1d33ef9264ed871b2c7d3c25b7e0bd5d;A;127811070;SUB-RACK S7/ET200S/24VDC/POWER;2018-01-04;1;-434.2;1;-1.0
1d33ef9264ed871b2c7d3c25b7e0bd5d;A;127811031;MODULE S7/ET200S/24VDC/POWER;2018-01-04;1;-434.2;1;-1.0
1d33ef9264ed871b2c7d3c25b7e0bd5d;A;105331800;PROXIMITY SWITCH;2018-01-04;1;-961.83;1;-1.0
537a842934028d431f8960e326ed7369;A;181300;"ROTARY STEAM JOINT R 1 1/4""";2018-01-05;1;30860.94;1;1.0
537a842934028d431f8960e326ed7369;A;185620;TOOTHED BELT HTD 30X8X640;2018-01-05;1;868.39;1;2.0
537a842934028d431f8960e326ed7369;A;104230500;FOAM RUBBER 60X12X2600;2018-01-05;1;1505.95;1;4.0
537a842934028d431f8960e326ed7369;A;107408700;FLAT SPRING 0,8X10X56;2018-01-05;1;571.6;1;4.0
537a842934028d431f8960e326ed7369;A;107988610;TOOTHED BELT HTD 50X8MX2000 CXP;2018-01-05;1;4644.26;1;1.0
537a842934028d431f8960e326ed7369;A;111125199;GLUE DAM JOINT 3X128X197;2018-01-05;1;3352.66;1;2.0
537a842934028d431f8960e326ed7369;A;114122600;DIGITAL IN/OUTPUT 6ES7 321-1BL00-0AA0;2018-01-05;1;35120.47;1;3.0
537a842934028d431f8960e326ed7369;A;114519400;SUPPORT RING SG38.8X45X1.4G;2018-01-05;1;5177.38;1;12.0
537a842934028d431f8960e326ed7369;A;119814002;LIMIT SWITCH SCHARNIER 3Ö;2018-01-05;1;15004.52;1;3.0
537a842934028d431f8960e326ed7369;A;122356100;"FLAT PACKING 1""";2018-01-05;1;163.24;1;2.0
537a842934028d431f8960e326ed7369;A;122745004;TOOTHED BELT 30X 5X 565;2018-01-05;1;4660.74;1;8.0
537a842934028d431f8960e326ed7369;A;124238100;FLAT PACKING DN25;2018-01-05;1;816.18;1;10.0
537a842934028d431f8960e326ed7369;A;124295000;DIGITAL IN/OUTPUT DI16;2018-01-05;1;7749.59;1;1.0
537a842934028d431f8960e326ed7369;A;127811051;MODULE;2018-01-05;1;1319.08;1;1.0
537a842934028d431f8960e326ed7369;A;136481820;NO-CRUSH-ROLLER 180X65X50;2018-01-05;1;14083.91;1;25.0
537a842934028d431f8960e326ed7369;A;155470330;EMERGENCY STOP MODULE B45H84T121MM;2018-01-05;1;18522.06;1;1.0
537a842934028d431f8960e326ed7369;A;163270925;SCRAPER BLADE CORRUDUR® 2550X50X1,5;2018-01-05;1;1566.41;1;1.0
537a842934028d431f8960e326ed7369;A;181300.02;SEAL D116X99X2;2018-01-05;1;4188.07;1;12.0
537a842934028d431f8960e326ed7369;A;127811070;SUB-RACK S7/ET200S/24VDC/POWER;2018-01-05;1;434.2;1;1.0
537a842934028d431f8960e326ed7369;A;127811031;MODULE S7/ET200S/24VDC/POWER;2018-01-05;1;434.2;1;1.0
537a842934028d431f8960e326ed7369;A;105331800;PROXIMITY SWITCH;2018-01-05;1;961.83;1;1.0
6e6e7e55d87d299e808dbb210daf5d6c;A;147674801;CLAMP 28X12X98;2018-01-17;0;2162.74;3;2.0
6e6e7e55d87d299e808dbb210daf5d6c;A;114687601;PNEUMATIC CYLINDER;2018-01-17;0;7320.89;3;2.0
6e6e7e55d87d299e808dbb210daf5d6c;A;110991000;PACKING CHARGES (CARTON) 200X200X80;2018-01-17;0;197.86;3;1.0
b9e394cc3e415c6348137223ddb16917;A;328100;SCRAPER 3X80X75X2;2018-01-18;0;3532.38;3;4.0
b9e394cc3e415c6348137223ddb16917;A;110991000;PACKING CHARGES (CARTON) 200X200X80;2018-01-18;0;197.86;3;1.0
122bc391a84fbbe41fd3620824306069;A;102955400;BRUSH 1X300X1300;2018-01-18;0;20471.0;3;2.0
122bc391a84fbbe41fd3620824306069;A;206103704;BRUSH 1,5X250X510;2018-01-18;0;71604.81;3;10.0
122bc391a84fbbe41fd3620824306069;A;V00000005;PACKING CHARGES (BOX) 1540X540X340MM;2018-01-18;0;2748.08;3;1.0
d6c5046acbf9f323b852c2240e0087cc;A;109980120;POTENTIOMETER 1KOHM/1000MM;2018-01-23;0;18498.43;4;2.0
d6c5046acbf9f323b852c2240e0087cc;A;110991002;PACKING CHARGES (CARTON) 300X300X200;2018-01-23;0;197.86;4;1.0
d16cae70219d77687025d48bed33be1b;A;851032916;HELICAL GEARED MOTOR 5,2KW 120NM;2018-01-24;0;53587.57;4;1.0
d16cae70219d77687025d48bed33be1b;A;P030FR001;FREIGHT CHARGES;2018-01-24;0;68674.53;4;1.0
245de309b77c1ce74547b2ab9ca246e3;A;150011;"FLAT PACKING 3/4""/ 27X38X2";2018-02-02;1;39.57;5;1.0
245de309b77c1ce74547b2ab9ca246e3;A;150015;FLAT PACKING 41X55X2;2018-02-02;1;118.72;5;3.0
245de309b77c1ce74547b2ab9ca246e3;A;508777;SEALING RING 50X99X2;2018-02-02;1;409.46;5;1.0
245de309b77c1ce74547b2ab9ca246e3;A;104581529;SEALING RING 60X  50X  7;2018-02-02;1;21160.22;5;25.0
245de309b77c1ce74547b2ab9ca246e3;A;104581595;BRAKE LINING CORRUDUR® 64X5X10;2018-02-02;1;22853.04;5;36.0
245de309b77c1ce74547b2ab9ca246e3;A;106566766;LOCKING PLATE FUER D=16;2018-02-02;1;517.74;5;6.0
245de309b77c1ce74547b2ab9ca246e3;A;107254210;FELT 46X35X10MM;2018-02-02;1;7914.47;5;400.0
245de309b77c1ce74547b2ab9ca246e3;A;111125303;GLUE DAM JOINT 3X260X220;2018-02-02;1;5770.97;5;2.0
245de309b77c1ce74547b2ab9ca246e3;A;113869700;FLAT PACKING 32 X 43  X 2;2018-02-02;1;489.71;5;6.0
245de309b77c1ce74547b2ab9ca246e3;A;123052310;NO-CRUSH-ROLLER 165X65X50;2018-02-02;1;5218.61;5;9.0
245de309b77c1ce74547b2ab9ca246e3;A;123052320;NO-CRUSH-ROLLER 165X65X50;2018-02-02;1;9277.52;5;16.0
245de309b77c1ce74547b2ab9ca246e3;A;123596200;SPACER RING L49XID70XW4;2018-02-02;1;409.46;5;5.0
245de309b77c1ce74547b2ab9ca246e3;A;127811052;DIGITAL IN/OUTPUT;2018-02-02;1;5770.97;5;2.0
245de309b77c1ce74547b2ab9ca246e3;A;130343910;"PROXIMITY SWITCH 10-30VDC;PNP;M8";2018-02-02;1;434.2;5;1.0
245de309b77c1ce74547b2ab9ca246e3;A;131672130;O-RING 37,69X3,53;2018-02-02;1;434.2;5;1.0
245de309b77c1ce74547b2ab9ca246e3;A;142697106;FLAT SPRING 0,5X10X17X116;2018-02-02;1;2250.68;5;9.0
245de309b77c1ce74547b2ab9ca246e3;A;287805700;PROXIMITY SWITCH 10-30VDC/M12/PNP/2MM;2018-02-02;1;648.55;5;1.0
02a1e84356132247f490279b937599b2;A;118664601;SERVOMOTOR 2,8KW/7,5NM/3252U/MIN;2018-02-06;0;41014.55;6;1.0
02a1e84356132247f490279b937599b2;A;152802103;KNIFE;2018-02-06;0;81119.77;6;1.0
02a1e84356132247f490279b937599b2;A;V00000012;PACKING CHARGES (BOX) 790X380X380MM;2018-02-06;0;2473.27;6;1.0
2e4d2acf5033cc9314eb2deaf551b2c9;A;105303965;DISC CUT KNIFE 240X1,2/0,35MM,20°;2018-02-07;1;118304.87;6;21.0
f82ab9b556ad3cee9d0d807cd3ee86ba;A;108508399;PRESSURE SHOE, COMPLETE;2018-02-08;0;34984.17;6;33.0
f82ab9b556ad3cee9d0d807cd3ee86ba;A;102955400;BRUSH 1X300X1300;2018-02-08;0;20691.4;6;2.0
f82ab9b556ad3cee9d0d807cd3ee86ba;A;121092002;POLISHING WHEEL AD200/ID30-B5;2018-02-08;0;10917.3;6;36.0
f82ab9b556ad3cee9d0d807cd3ee86ba;A;V00000005;PACKING CHARGES (BOX) 1540X540X340MM;2018-02-08;0;2748.08;6;1.0
83a5e10a22bb5646b384ff45bc905b70;A;107969300;EMERGENCY STOP MODULE 24VDC/220VAC;2018-02-09;1;7859.51;6;1.0
83a5e10a22bb5646b384ff45bc905b70;A;105303965;DISC CUT KNIFE 240X1,2/0,35MM,20°;2018-02-09;1;202341.17;6;37.0
83a5e10a22bb5646b384ff45bc905b70;A;105406991;GRINDING WHEEL 50X11X19MM;2018-02-09;1;20198.39;6;15.0
7e58fb24336d9288b6c7314cd89ba690;A;137663;RADIAL SHAFT SEAL A  80,0X100X10;2018-02-09;1;79.42;6;1.0
7e58fb24336d9288b6c7314cd89ba690;A;137782;RADIAL SHAFT SEAL A  55,0X 70X 8;2018-02-09;1;79.42;6;1.0
7e58fb24336d9288b6c7314cd89ba690;A;114506600;CONTACTOR;2018-02-09;1;1264.12;6;1.0
161970a593680b32af2b5b91f16add64;A;P030FR001;FREIGHT CHARGES;2018-02-13;1;2147.35;7;1.0
161970a593680b32af2b5b91f16add64;A;P030PA001;PACKING;2018-02-13;1;192.37;7;1.0
ef07a78222205b086b46218261870583;A;172863820;CONTROL BLOCK;2018-02-15;0;175388.55;7;1.0
ef07a78222205b086b46218261870583;A;111475620;"HYDRAULIC CYLINDER 40X70-R3/8""";2018-02-15;0;31873.06;7;1.0
ef07a78222205b086b46218261870583;A;110680400;PACKING CHARGES (PAL-BOX I) 830X580X680;2018-02-15;0;1126.71;7;1.0
23ab47aa831b8342d5f138bf644395e8;A;107021631;SAFETY BOLT 30X180;2018-02-22;0;8975.78;8;4.0
23ab47aa831b8342d5f138bf644395e8;A;110991000;PACKING CHARGES (CARTON) 200X200X80;2018-02-22;0;197.86;8;1.0
8c77bf7ecc9ace0769083c44e20487ed;A;144655982;DC CONTROLLER 182KW / 350A;2018-02-28;0;183807.02;9;1.0
8c77bf7ecc9ace0769083c44e20487ed;A;144015401;RELAY SYSTEM;2018-02-28;0;391.05;9;1.0
8c77bf7ecc9ace0769083c44e20487ed;A;108390410;CARBON BRUSH;2018-02-28;0;24228.18;9;12.0
8c77bf7ecc9ace0769083c44e20487ed;A;171596;TACHOGENERATOR 60V/1000UPM/56KW;2018-02-28;0;21979.15;9;1.0
8c77bf7ecc9ace0769083c44e20487ed;A;P030FR001;FREIGHT CHARGES;2018-02-28;0;68655.57;9;1.0
1dbaf7b247346a4dbe676afe7af269b4;A;136481820;NO-CRUSH-ROLLER 180X65X50;2018-03-08;1;26196.08;10;50.0
5cf75da1cab583801d7182bf181464ea;A;P030FR001;FREIGHT CHARGES;2018-03-09;1;2760.72;10;1.0
5cf75da1cab583801d7182bf181464ea;A;P030PA001;PACKING;2018-03-09;1;197.86;10;1.0
14ce53fcf05264221fbb00165a3b1d10;A;115168420;"HYDRAULIC CYLINDER 50X50-R1/2""";2018-03-13;0;39792.48;11;1.0
14ce53fcf05264221fbb00165a3b1d10;A;114693992;4/4 WAY VALVE NG 6;2018-03-13;0;55970.16;11;1.0
14ce53fcf05264221fbb00165a3b1d10;A;112614200;CONVERTER 24 VDC;2018-03-13;0;35907.79;11;1.0
14ce53fcf05264221fbb00165a3b1d10;A;P030FR001;FREIGHT CHARGES;2018-03-13;0;26730.03;11;1.0
0b884d6f06b5c356f181454f25aeaf5f;A;105222105;SUSPENSION 70X30X240;2018-03-14;0;5954.54;11;1.0
0b884d6f06b5c356f181454f25aeaf5f;A;105222104;SUSPENSION 70X30X240;2018-03-14;0;5954.82;11;1.0
0b884d6f06b5c356f181454f25aeaf5f;A;118308700;PACKING CHARGES (CARTON) 330X163X172 MM;2018-03-14;0;197.86;11;1.0
02fab84ecd85bcde646669a764a08927;A;105224100;RETAINER RING 47X1,5;2018-03-23;0;80.24;12;4.0
02fab84ecd85bcde646669a764a08927;A;105228600;BOLT 6KT.46X106,7;2018-03-23;0;2056.39;12;1.0
02fab84ecd85bcde646669a764a08927;A;138016;SEEGER CIRCLIP RING 30X1,5;2018-03-23;0;20.06;12;1.0
02fab84ecd85bcde646669a764a08927;A;137250;RADIAL BALL-AND-SOCKET JOINT 30X47X22;2018-03-23;0;2568.63;12;2.0
02fab84ecd85bcde646669a764a08927;A;117323;HEXAGONAL SCREW M16X100;2018-03-23;0;569.13;12;4.0
02fab84ecd85bcde646669a764a08927;A;122711;DISK NENNDURCHMESSER: 16;2018-03-23;0;91.51;12;4.0
02fab84ecd85bcde646669a764a08927;A;110991000;PACKING CHARGES (CARTON) 200X200X80;2018-03-23;0;197.86;12;1.0
90357fdf7c068d1328e7a0ccfd8e5b15;A;107897730;HOLDING DEVICE 40X10X90;2018-03-27;0;1957.73;13;1.0
90357fdf7c068d1328e7a0ccfd8e5b15;A;110991000;PACKING CHARGES (CARTON) 200X200X80;2018-03-27;0;197.86;13;1.0
c78026544006c87685db349720beff8c;A;119814002;LIMIT SWITCH SCHARNIER 3Ö;2018-04-06;1;-13954.2;14;-3.0
60e22f9cd58cbf794bbf4ba1c4611f7c;A;107897730;HOLDING DEVICE 40X10X90;2018-04-10;0;1482.31;15;1.0
a516ffe1f25c6d59e177d16c90d1892b;A;553374;SEALING ELEMENT RAD.288.5X260;2018-04-12;0;6855.64;15;8.0
a516ffe1f25c6d59e177d16c90d1892b;A;118308700;PACKING CHARGES (CARTON) 330X163X172 MM;2018-04-12;0;197.86;15;1.0
5972bd6ca919ab1a53197f8436fe4460;A;P030FR001;FREIGHT CHARGES;2018-04-16;1;4509.05;16;1.0
5972bd6ca919ab1a53197f8436fe4460;A;P030PA001;PACKING;2018-04-16;1;1297.09;16;1.0
1dac33017d9eabb54eaa08584ac92f11;A;P030FR001;FREIGHT CHARGES;2018-04-16;1;2147.35;16;1.0
1dac33017d9eabb54eaa08584ac92f11;A;P030PA001;PACKING;2018-04-16;1;197.86;16;1.0
e21f118ab54bdf55014997b52ce5db0a;A;109888055;KNIFE 2540X30X8 AB2500;2018-04-24;1;141126.58;17;2.0
16e553b9d9b87ba252fb2b358cf1eae8;A;121010680;ROTARY STEAM JOINT;2018-04-25;0;58265.08;17;1.0
16e553b9d9b87ba252fb2b358cf1eae8;A;181300;"ROTARY STEAM JOINT R 1 1/4""";2018-04-25;0;36371.4;17;1.0
16e553b9d9b87ba252fb2b358cf1eae8;A;102385500;ROTARY STEAM JOINT;2018-04-25;0;33940.17;17;1.0
16e553b9d9b87ba252fb2b358cf1eae8;A;110991002;PACKING CHARGES (CARTON) 300X300X200;2018-04-25;0;593.59;17;3.0
0d3c0e52e5916d6c0dc066f4cebd35fb;A;105303965;DISC CUT KNIFE 240X1,2/0,35MM,20°;2018-04-26;1;52392.16;17;10.0
0d3c0e52e5916d6c0dc066f4cebd35fb;A;103560705;BELT 80X1720X 3;2018-04-26;1;8893.89;17;6.0
0d3c0e52e5916d6c0dc066f4cebd35fb;A;106606921;CLEAN-OUT FINGER BL1.0X98X90LG;2018-04-26;1;5328.53;17;75.0
0d3c0e52e5916d6c0dc066f4cebd35fb;A;105407210;TOOTHED BELT 29,5X 8X 640;2018-04-26;1;2964.63;17;1.0
0d3c0e52e5916d6c0dc066f4cebd35fb;A;289958800;CABLE, PIECES 0,6M M8X1;2018-04-26;1;1175.63;17;1.0
0d3c0e52e5916d6c0dc066f4cebd35fb;A;105406991;GRINDING WHEEL 50X11X19MM;2018-04-26;1;5152.38;17;4.0
ebb68b7e350a84d178c049a2737774cd;A;P030FR001;FREIGHT CHARGES;2018-04-30;1;1939.6;18;1.0
ebb68b7e350a84d178c049a2737774cd;A;P030PA001;PACKING;2018-04-30;1;197.86;18;1.0
8358a6cd04c13dca2c3e680584791713;A;P030FR001;FREIGHT CHARGES;2018-05-16;1;2161.64;20;1.0
8358a6cd04c13dca2c3e680584791713;A;P030PA001;PACKING;2018-05-16;1;197.86;20;1.0
67713f90ca6fa209b223f30801794876;A;271187320;LASER SYSTEM;2018-05-18;0;13583.76;20;1.0
67713f90ca6fa209b223f30801794876;A;110991000;PACKING CHARGES (CARTON) 200X200X80;2018-05-18;0;197.86;20;1.0
f50438990a2c7be8a07bf36db88fe9d8;A;137250;RADIAL BALL-AND-SOCKET JOINT 30X47X22;2018-05-30;0;10509.21;22;8.0
f50438990a2c7be8a07bf36db88fe9d8;A;110991001;PACKING CHARGES (CARTON) 200X200X150;2018-05-30;0;197.86;22;1.0
ceb054190161ecc25545826d01c296ea;A;199902;CARBON PAPER 195X20,2-FACH;2018-06-01;0;9188.21;22;20.0
ceb054190161ecc25545826d01c296ea;A;110991003;PACKING CHARGES (CARTON) 360X360X250;2018-06-01;0;197.86;22;1.0
381fd6f034d16276ec5a1619fc8490f6;A;P030FR001;FREIGHT CHARGES;2018-06-03;0;-34337.27;22;-1.0
9dbe8aa78939e08d518beb29897a7ccf;A;172863820;CONTROL BLOCK;2018-06-03;0;-169469.46;22;-1.0
9dbe8aa78939e08d518beb29897a7ccf;A;P030FR001;FREIGHT CHARGES;2018-06-03;0;-33291.35;22;-1.0
9dbe8aa78939e08d518beb29897a7ccf;A;144655982;DC CONTROLLER 182KW / 350A;2018-06-03;0;-183807.02;22;-1.0
86ef7ec0cf25a0d0b39207c05bc5b990;A;163270925;SCRAPER BLADE CORRUDUR® 2550X50X1,5;2018-06-05;1;2913.52;23;2.0
86ef7ec0cf25a0d0b39207c05bc5b990;A;105303965;DISC CUT KNIFE 240X1,2/0,35MM,20°;2018-06-05;1;31435.29;23;6.0
86ef7ec0cf25a0d0b39207c05bc5b990;A;107408700;FLAT SPRING 0,8X10X56;2018-06-05;1;265.74;23;2.0
86ef7ec0cf25a0d0b39207c05bc5b990;A;111125303;GLUE DAM JOINT 3X260X220;2018-06-05;1;5367.0;23;2.0
86ef7ec0cf25a0d0b39207c05bc5b990;A;111125199;GLUE DAM JOINT 3X128X197;2018-06-05;1;3117.97;23;2.0
86ef7ec0cf25a0d0b39207c05bc5b990;A;150015;FLAT PACKING 41X55X2;2018-06-05;1;184.12;23;5.0
86ef7ec0cf25a0d0b39207c05bc5b990;A;287805700;PROXIMITY SWITCH 10-30VDC/M12/PNP/2MM;2018-06-05;1;603.2;23;1.0
464c1a288169de50990d29f6af81a10b;A;271187320;LASER SYSTEM;2018-06-08;0;26784.17;23;2.0
464c1a288169de50990d29f6af81a10b;A;110991000;PACKING CHARGES (CARTON) 200X200X80;2018-06-08;0;197.86;23;1.0
a83424083ebda7818b0e02659350547d;A;114687601;PNEUMATIC CYLINDER;2018-06-11;0;33699.71;24;10.0
a83424083ebda7818b0e02659350547d;A;110991000;PACKING CHARGES (CARTON) 200X200X80;2018-06-11;0;197.86;24;1.0
24c3d28923b64d619dfb067402cb9d4d;A;123844663;THREE-PHASE MOTOR 3,9KW/400V/87HZ/8,6A;2018-06-12;0;83313.83;24;2.0
24c3d28923b64d619dfb067402cb9d4d;A;V00000012;PACKING CHARGES (BOX) 790X380X380MM;2018-06-12;0;4946.55;24;2.0
65439e810b5733452480b928b5284242;A;P030FR001;FREIGHT CHARGES;2018-06-26;1;11937.11;26;1.0
65439e810b5733452480b928b5284242;A;P030PA001;PACKING;2018-06-26;1;2528.23;26;1.0
952575b312529ce3de2a0a557ba25125;A;P030FR001;FREIGHT CHARGES;2018-06-26;1;1753.55;26;1.0
952575b312529ce3de2a0a557ba25125;A;P030PA001;PACKING;2018-06-26;1;395.72;26;1.0
1a00ab035fb28a8efa37a11067a61f40;A;195629441;CHUCK AB2500/2800;2018-07-12;0;46310.1;28;1.0
1a00ab035fb28a8efa37a11067a61f40;A;110991002;PACKING CHARGES (CARTON) 300X300X200;2018-07-12;0;197.86;28;1.0
a1987fa17cd9f190a02d44499d4bf7d2;A;121454500;PILLOW BLOCK 90X30X110;2018-07-12;0;7439.33;28;2.0
a1987fa17cd9f190a02d44499d4bf7d2;A;129430200;RADIAL BALL BEARING 25X52X18;2018-07-12;0;1166.01;28;2.0
a1987fa17cd9f190a02d44499d4bf7d2;A;138014;SEEGER CIRCLIP RING 25X1,2;2018-07-12;0;39.3;28;2.0
a1987fa17cd9f190a02d44499d4bf7d2;A;138216;SEEGER CIRCLIP RING 52X2,0;2018-07-12;0;44.52;28;2.0
a1987fa17cd9f190a02d44499d4bf7d2;A;118308700;PACKING CHARGES (CARTON) 330X163X172 MM;2018-07-12;0;197.86;28;1.0
e8cdf83b9c5a51694bbf02a1a2cf0ecc;A;105303965;DISC CUT KNIFE 240X1,2/0,35MM,20°;2018-07-12;1;47152.94;28;9.0
e8cdf83b9c5a51694bbf02a1a2cf0ecc;A;104581595;BRAKE LINING CORRUDUR® 64X5X10;2018-07-12;1;18891.95;28;32.0
e8cdf83b9c5a51694bbf02a1a2cf0ecc;A;105406991;GRINDING WHEEL 50X11X19MM;2018-07-12;1;12880.8;28;10.0
e8cdf83b9c5a51694bbf02a1a2cf0ecc;A;123584901;BOLT RD.8 148LG.;2018-07-12;1;500.98;28;1.0
e8cdf83b9c5a51694bbf02a1a2cf0ecc;A;107254210;FELT 46X35X10MM;2018-07-12;1;14720.92;28;800.0
e8cdf83b9c5a51694bbf02a1a2cf0ecc;A;109612502;SEALING LEDGE 5,5X65X2665;2018-07-12;1;1226.74;28;1.0
895327a54b6ee57808b0b4cdfc759cdf;A;121454600;PILLOW BLOCK 30X235X162;2018-07-26;0;24125.95;30;2.0
d92e37d9595382b9f106505a3a113ede;A;107408700;FLAT SPRING 0,8X10X56;2018-08-07;0;539.45;32;4.0
d92e37d9595382b9f106505a3a113ede;A;111125600;LEDGE 8X8X149;2018-08-07;0;1151.17;32;2.0
d92e37d9595382b9f106505a3a113ede;A;110597401;ECCENTRIC DISK RD.15X8;2018-08-07;0;546.59;32;2.0
d92e37d9595382b9f106505a3a113ede;A;100912000;CHEESE-HEAD SCREW M5X16;2018-08-07;0;42.05;32;2.0
d92e37d9595382b9f106505a3a113ede;A;110597400;ECCENTRIC DISK RD.15X10;2018-08-07;0;548.79;32;2.0
d92e37d9595382b9f106505a3a113ede;A;104000100;DISK 6;2018-08-07;0;125.59;32;6.0
d92e37d9595382b9f106505a3a113ede;A;111125303;GLUE DAM JOINT 3X260X220;2018-08-07;0;5969.66;32;2.0
d92e37d9595382b9f106505a3a113ede;A;111125702;SPACER 40/17X2;2018-08-07;0;503.17;32;6.0
d92e37d9595382b9f106505a3a113ede;A;111125400;LEDGE 8X8X95;2018-08-07;0;1124.51;32;2.0
d92e37d9595382b9f106505a3a113ede;A;106566766;LOCKING PLATE FUER D=16;2018-08-07;0;998.93;32;12.0
d92e37d9595382b9f106505a3a113ede;A;111125198;GLUE DAM JOINT 3X128X197;2018-08-07;0;3332.05;32;2.0
d92e37d9595382b9f106505a3a113ede;A;111138400;COUNTERSUNK SCREW M4X10;2018-08-07;0;194.01;32;10.0
d92e37d9595382b9f106505a3a113ede;A;110991002;PACKING CHARGES (CARTON) 300X300X200;2018-08-07;0;197.86;32;1.0
214f63e2d7b1e0436497f8aadcb88fa5;A;136481820;NO-CRUSH-ROLLER 180X65X50;2018-08-08;1;39293.98;32;75.0
198fbb70c7802413feac936d3845377e;A;100686325;COMPRESSED-AIR MOTOR G1/8 - 10.6NM;2018-08-10;1;15564.3;32;1.0
9b4a1d022fc7d9a95cee2a3326deaa7a;A;P030FR001;FREIGHT CHARGES;2018-08-13;1;796.94;33;1.0
9b4a1d022fc7d9a95cee2a3326deaa7a;A;P030PA001;PACKING;2018-08-13;1;197.86;33;1.0
218bee8f0ea88515a5a5766993173a75;A;100686325;COMPRESSED-AIR MOTOR G1/8 - 10.6NM;2018-08-14;0;16347.51;33;1.0
218bee8f0ea88515a5a5766993173a75;A;118308700;PACKING CHARGES (CARTON) 330X163X172 MM;2018-08-14;0;197.86;33;1.0
503935dbbfd7fde07968e809391716e3;A;197617200;PROXIMITY SWITCH 10-30VDC/PNP/NPN/4MM;2018-08-14;0;5273.02;33;2.0
503935dbbfd7fde07968e809391716e3;A;172217720;"SERVOMOTOR 5,0NM;4,80A;4000UPM, 2,08KW";2018-08-14;0;41733.18;33;1.0
503935dbbfd7fde07968e809391716e3;A;109076700;SEALING 14X25X226;2018-08-14;0;2415.56;33;2.0
503935dbbfd7fde07968e809391716e3;A;110991004;PACKING CHARGES (CARTON) 610X410X230;2018-08-14;0;197.86;33;1.0
827f2aabe05ba5027679d8d20ba131f0;A;109888055;KNIFE 2540X30X8 AB2500;2018-08-21;1;70563.29;34;2.0
fdafa604fe3dd883b848cf8d9b887bca;A;109888055;KNIFE 2540X30X8 AB2500;2018-08-21;1;141126.58;34;2.0
831eda149dbb96b5c3ddf7897ff21b96;A;121606101;RETURN SPRING;2018-08-22;0;5842.42;34;20.0
831eda149dbb96b5c3ddf7897ff21b96;A;110991000;PACKING CHARGES (CARTON) 200X200X80;2018-08-22;0;197.86;34;1.0
62c1c5b86dd7b56f159f13f36fa587e1;A;P030FR001;FREIGHT CHARGES;2018-08-29;1;2147.35;35;1.0
62c1c5b86dd7b56f159f13f36fa587e1;A;P030PA001;PACKING;2018-08-29;1;1571.9;35;1.0
49577071baf14f41eabc1a7d431f4702;A;P030FR001;FREIGHT CHARGES;2018-08-30;1;2161.64;35;1.0
49577071baf14f41eabc1a7d431f4702;A;P030PA001;PACKING;2018-08-30;1;1374.04;35;1.0
fc9b7e78288be8c495a8c38563178ee2;A;126292402;BRUSH ROLL SEGMENT 300X203X216MM;2018-08-31;0;152519.57;35;28.0
fc9b7e78288be8c495a8c38563178ee2;A;123052320;NO-CRUSH-ROLLER 165X65X50;2018-08-31;0;9050.25;35;16.0
fc9b7e78288be8c495a8c38563178ee2;A;149983302;BRUSH 260X26X60;2018-08-31;0;61385.8;35;50.0
fc9b7e78288be8c495a8c38563178ee2;A;278433210;PAN FÜR BR 1534MM;2018-08-31;0;31133.83;35;2.0
fc9b7e78288be8c495a8c38563178ee2;A;110680400;PACKING CHARGES (PAL-BOX I) 830X580X680;2018-08-31;0;1126.71;35;1.0
fc9b7e78288be8c495a8c38563178ee2;A;V00000024;PACKING CHARGES (BOX);2018-08-31;0;5441.2;35;1.0
18049afc15a616ddf55bec2ed4c6950e;A;209019330;"MACHINE LIGHT 24W 24VDC; 1040MM LANG";2018-09-03;0;15715.17;36;2.0
18049afc15a616ddf55bec2ed4c6950e;A;110991007;PACKING CHARGES (CARTON) 1100X200X200;2018-09-03;0;197.86;36;1.0
a23322d4751d77c8b6261f0fd256995f;A;182581300;SEPARATING STRIP AB 2500;2018-09-05;0;12279.8;36;2.0
a23322d4751d77c8b6261f0fd256995f;A;182608600;NAP FOIL AB 2500_10X2,5M;2018-09-05;0;14963.02;36;1.0
a23322d4751d77c8b6261f0fd256995f;A;V00000001;PACKING CHARGES (BOX) 3100X140X230MM;2018-09-05;0;1923.66;36;1.0
a23322d4751d77c8b6261f0fd256995f;A;110991001;PACKING CHARGES (CARTON) 200X200X150;2018-09-05;0;197.86;36;1.0
e30eb5be0952b87556cdd19668fb15cb;A;103560708;BELT 80X3X1330;2018-09-05;1;1277.86;36;1.0
e30eb5be0952b87556cdd19668fb15cb;A;104581595;BRAKE LINING CORRUDUR® 64X5X10;2018-09-05;1;5903.7;36;10.0
e30eb5be0952b87556cdd19668fb15cb;A;105406991;GRINDING WHEEL 50X11X19MM;2018-09-05;1;7728.43;36;6.0
e30eb5be0952b87556cdd19668fb15cb;A;105303965;DISC CUT KNIFE 240X1,2/0,35MM,20°;2018-09-05;1;41913.73;36;8.0
e30eb5be0952b87556cdd19668fb15cb;A;106606921;CLEAN-OUT FINGER BL1.0X98X90LG;2018-09-05;1;2415.56;36;34.0
e30eb5be0952b87556cdd19668fb15cb;A;113463300;RUBBER SPONGE CORD D=15;2018-09-05;1;303.66;36;4.0
e30eb5be0952b87556cdd19668fb15cb;A;123584901;BOLT RD.8 148LG.;2018-09-05;1;1502.65;36;3.0
e30eb5be0952b87556cdd19668fb15cb;A;125020610;PROXIMITY SWITCH;2018-09-05;1;2019.01;36;1.0
e30eb5be0952b87556cdd19668fb15cb;A;142697106;FLAT SPRING 0,5X10X17X116;2018-09-05;1;1162.71;36;5.0
b7a0edecaafcdf1eb77368a6249b37b8;A;P030FR001;FREIGHT CHARGES;2018-09-06;1;2901.15;36;1.0
b7a0edecaafcdf1eb77368a6249b37b8;A;P030PA001;PACKING;2018-09-06;1;395.72;36;1.0
bb7294e674b188dff65a994419af132f;A;P030FR001;FREIGHT CHARGES;2018-09-06;1;3367.5;36;1.0
bb7294e674b188dff65a994419af132f;A;P030PA001;PACKING;2018-09-06;1;395.72;36;1.0
c6ce0618131ca69969ae6e3af7a99f2e;A;105684600;ECCENTRIC SHAFT M=1,5/Z=120X162;2018-09-07;0;30975.27;36;2.0
c6ce0618131ca69969ae6e3af7a99f2e;A;104198501;PLAIN BEARING 60X 72X 80;2018-09-07;0;13704.13;36;2.0
c6ce0618131ca69969ae6e3af7a99f2e;A;104226000;BUSH 85/75X27;2018-09-07;0;8204.67;36;2.0
c6ce0618131ca69969ae6e3af7a99f2e;A;104225900;BUSH 85/45 X 39;2018-09-07;0;14271.33;36;2.0
c6ce0618131ca69969ae6e3af7a99f2e;A;110991003;PACKING CHARGES (CARTON) 360X360X250;2018-09-07;0;197.86;36;1.0
be78b51f6965fd4e702c87199b6d2a4a;A;101706200;GAS PRESSURE SPRING D10/H200/F 800N;2018-09-20;0;4375.49;38;2.0
be78b51f6965fd4e702c87199b6d2a4a;A;102955400;BRUSH 1X300X1300;2018-09-20;0;38536.06;38;4.0
be78b51f6965fd4e702c87199b6d2a4a;A;V00000005;PACKING CHARGES (BOX) 1540X540X340MM;2018-09-20;0;2748.08;38;1.0
a3708b6ad29a365be429b97e1fe5e7ac;A;104581570;VENTILATOR;2018-09-21;0;11446.31;38;1.0
a3708b6ad29a365be429b97e1fe5e7ac;A;110991002;PACKING CHARGES (CARTON) 300X300X200;2018-09-21;0;197.86;38;1.0
7fa56807d9ffe35a146ebeb3b38455e1;A;195034700;CYLINDRICAL ROLLER BEARING 100X185X 65;2018-09-25;0;25271.9;39;2.0
7fa56807d9ffe35a146ebeb3b38455e1;A;195034500;CYLINDRICAL ROLLER BEARING 100X185X 60;2018-09-25;0;25493.67;39;2.0
7fa56807d9ffe35a146ebeb3b38455e1;A;107555600;GREASE NIPPLE, FLAT M8X1,0 D-10-MM;2018-09-25;0;106.9;39;4.0
7fa56807d9ffe35a146ebeb3b38455e1;A;110991004;PACKING CHARGES (CARTON) 610X410X230;2018-09-25;0;395.72;39;2.0
d4cc4ef2b62764e459472d94c6676258;A;126292402;BRUSH ROLL SEGMENT 300X203X216MM;2018-09-27;0;75684.34;39;14.0
d4cc4ef2b62764e459472d94c6676258;A;136481820;NO-CRUSH-ROLLER 180X65X50;2018-09-27;0;41125.58;39;75.0
d4cc4ef2b62764e459472d94c6676258;A;110680200;PACKING CHARGES (PAL-BOX II) 1070X710X52;2018-09-27;0;1126.71;39;1.0
cd758e92719427737f349aa342d63cae;A;155470300;EMERGENCY STOP MODULE 2I/2Q;2018-09-28;0;14363.39;39;2.0
cd758e92719427737f349aa342d63cae;A;110991001;PACKING CHARGES (CARTON) 200X200X150;2018-09-28;0;197.86;39;1.0
042b7138d1e71b1b2022433b00067b6b;A;195034500;CYLINDRICAL ROLLER BEARING 100X185X 60;2018-10-01;0;14510.14;40;1.0
042b7138d1e71b1b2022433b00067b6b;A;138045;SEEGER CIRCLIP RING 100X3,0;2018-10-01;0;171.21;40;2.0
042b7138d1e71b1b2022433b00067b6b;A;110991003;PACKING CHARGES (CARTON) 360X360X250;2018-10-01;0;197.86;40;1.0
a312dc198bd1b55c6a5f9944e620c21d;A;P030FR001;FREIGHT CHARGES;2018-10-01;1;2452.11;40;1.0
a312dc198bd1b55c6a5f9944e620c21d;A;P030PA001;PACKING;2018-10-01;1;395.72;40;1.0
338c4fba53a7a82c9ebe8a8ea7bc5213;A;155470300;EMERGENCY STOP MODULE 2I/2Q;2018-10-08;0;7695.72;41;1.0
338c4fba53a7a82c9ebe8a8ea7bc5213;A;118308700;PACKING CHARGES (CARTON) 330X163X172 MM;2018-10-08;0;197.86;41;1.0
2ebc8e4a0797af4001e81debdbb43a9e;A;155470321;EMERGENCY STOP MODULE 24 VDC 3Q;2018-10-09;0;14363.39;41;2.0
2ebc8e4a0797af4001e81debdbb43a9e;A;110991001;PACKING CHARGES (CARTON) 200X200X150;2018-10-09;0;197.86;41;1.0
881ccb05a03c9314d18daa110cf5fdee;A;140491900;ROLL 40X  1,25X200;2018-10-10;0;6354.66;41;2.0
881ccb05a03c9314d18daa110cf5fdee;A;118308700;PACKING CHARGES (CARTON) 330X163X172 MM;2018-10-10;0;197.86;41;1.0
250bf5fb519eb52e47bf881879abf086;A;179013900;BLADE TYPE DRIVE M 5 - 2.471NM;2018-10-24;0;10069.79;43;2.0
250bf5fb519eb52e47bf881879abf086;A;110991001;PACKING CHARGES (CARTON) 200X200X150;2018-10-24;0;197.86;43;1.0
92f56b21c4493cce2f1427c2a4a1bec4;A;109411002;PULSE DISTRIBUTOR IV30;2018-10-25;0;65857.48;43;3.0
92f56b21c4493cce2f1427c2a4a1bec4;A;110991002;PACKING CHARGES (CARTON) 300X300X200;2018-10-25;0;197.86;43;1.0
498487f2f64baeab82ff8984eb19d596;A;179580001;SERVOMOTOR 17,2NM/15,0A/3225UPM/5,8KW;2018-10-25;0;88830.61;43;2.0
498487f2f64baeab82ff8984eb19d596;A;110991003;PACKING CHARGES (CARTON) 360X360X250;2018-10-25;0;395.72;43;2.0
3c3c3bc7db9a76953ae5923a71d365d3;A;851037828;ONE-WAY RESTRICTOR;2018-11-06;0;8293.71;45;1.0
3c3c3bc7db9a76953ae5923a71d365d3;A;110991000;PACKING CHARGES (CARTON) 200X200X80;2018-11-06;0;197.86;45;1.0
04387cf7709d7dd28780d058dd10a2cf;A;172217720;"SERVOMOTOR 5,0NM;4,80A;4000UPM, 2,08KW";2018-11-09;0;39996.94;45;1.0
04387cf7709d7dd28780d058dd10a2cf;A;P030FR001;FREIGHT CHARGES;2018-11-09;0;71807.35;45;1.0
04387cf7709d7dd28780d058dd10a2cf;A;P030SF002;EXTRA COSTS SPECIALTRANSTPORT;2018-11-09;0;5496.16;45;1.0
b7c90e01c0bd38de835df48936562088;A;105303965;DISC CUT KNIFE 240X1,2/0,35MM,20°;2018-11-14;1;99545.1;46;19.0
b7c90e01c0bd38de835df48936562088;A;105406991;GRINDING WHEEL 50X11X19MM;2018-11-14;1;12880.8;46;10.0
b7c90e01c0bd38de835df48936562088;A;131672130;O-RING 37,69X3,53;2018-11-14;1;1615.32;46;4.0
b7c90e01c0bd38de835df48936562088;A;124133400;FLAT PACKING 21 X 30  X 2;2018-11-14;1;1328.97;46;10.0
b7c90e01c0bd38de835df48936562088;A;150011;"FLAT PACKING 3/4""/ 27X38X2";2018-11-14;1;220.95;46;6.0
b7c90e01c0bd38de835df48936562088;A;127811060;MODULE S7/ET200S/4DO DC24V/0,5A;2018-11-14;1;1098.96;46;1.0
b7c90e01c0bd38de835df48936562088;A;109612502;SEALING LEDGE 5,5X65X2665;2018-11-14;1;1226.74;46;1.0
b7c90e01c0bd38de835df48936562088;A;103560705;BELT 80X1720X 3;2018-11-14;1;1482.31;46;1.0
b7c90e01c0bd38de835df48936562088;A;103560708;BELT 80X3X1330;2018-11-14;1;1277.86;46;1.0
b7c90e01c0bd38de835df48936562088;A;103560720;BELT 80X3X300;2018-11-14;1;996.73;46;1.0
b7c90e01c0bd38de835df48936562088;A;155470321;EMERGENCY STOP MODULE 24 VDC 3Q;2018-11-14;1;13749.75;46;2.0
b7c90e01c0bd38de835df48936562088;A;155470320;EMERGENCY STOP MODULE 24VDC 4Q;2018-11-14;1;3066.86;46;1.0
4d3e4863f1e9528e66b569d7a7e024e8;A;124133400;FLAT PACKING 21 X 30  X 2;2018-11-14;1;-1063.23;46;-8.0
cb9679c64979e8ada41f380354e2e827;A;216170800;RUBBER EDGE 5X124X2600;2018-11-15;0;8249.19;46;3.0
cb9679c64979e8ada41f380354e2e827;A;110991002;PACKING CHARGES (CARTON) 300X300X200;2018-11-15;0;197.86;46;1.0
5b0b2eb86324b6e92327212ba2d2c6cc;A;105450501;TOOTHED BELT GT 30X 8X1440;2018-11-23;0;2607.1;47;2.0
5b0b2eb86324b6e92327212ba2d2c6cc;A;110991001;PACKING CHARGES (CARTON) 200X200X150;2018-11-23;0;197.86;47;1.0
1386dd389ba8f64002492ee7d1b894ce;A;851035004;THREE PHASE A.C. SERVOMOTOR 125A/60KW/11;2018-11-29;0;494275.27;48;1.0
1386dd389ba8f64002492ee7d1b894ce;A;V00000019;PACKING CHARGES (EUR-PALLET) 1200X800X14;2018-11-29;0;412.21;48;1.0
1386dd389ba8f64002492ee7d1b894ce;A;P030FR001;FREIGHT CHARGES;2018-11-29;0;70688.6;48;1.0
8507f217d413c1b7bcec7ec3e548408a;A;119761650;BEARINGS AND ACCESSORIES;2018-12-11;0;16711.9;50;1.0
8507f217d413c1b7bcec7ec3e548408a;A;110991001;PACKING CHARGES (CARTON) 200X200X150;2018-12-11;0;197.86;50;1.0
1ba05cbc23479123a7ea5bc4b686da95;A;233761300;GUIDE CARRIAGE 107X150;2018-12-12;0;17346.16;50;8.0
1ba05cbc23479123a7ea5bc4b686da95;A;111125400;LEDGE 8X8X95;2018-12-12;0;1109.13;50;2.0
1ba05cbc23479123a7ea5bc4b686da95;A;111125600;LEDGE 8X8X149;2018-12-12;0;1127.26;50;2.0
1ba05cbc23479123a7ea5bc4b686da95;A;553374;SEALING ELEMENT RAD.288.5X260;2018-12-12;0;3162.49;50;4.0
1ba05cbc23479123a7ea5bc4b686da95;A;109704900;SPRAY GUN;2018-12-12;0;54466.68;50;2.0
1ba05cbc23479123a7ea5bc4b686da95;A;110991004;PACKING CHARGES (CARTON) 610X410X230;2018-12-12;0;197.86;50;1.0
232ffbb4041b7e47e80bcc17bbcc7c55;A;107472001;SUPPORT 60X12X30;2018-12-13;0;2511.75;50;4.0
232ffbb4041b7e47e80bcc17bbcc7c55;A;124595;FIXATION CLIP D 30;2018-12-13;0;790.35;50;4.0
232ffbb4041b7e47e80bcc17bbcc7c55;A;110991000;PACKING CHARGES (CARTON) 200X200X80;2018-12-13;0;197.86;50;1.0
2c65b318bfca3e6ab4d9e706aacf2e92;A;233763600;DOUBLE RAIL 330 LG;2018-12-18;0;3427.68;51;2.0
2c65b318bfca3e6ab4d9e706aacf2e92;A;118308700;PACKING CHARGES (CARTON) 330X163X172 MM;2018-12-18;0;197.86;51;1.0
079b7854875e6be06e3bd62d39d996e5;A;100441800;SUPPORTING PLATE S 10X16X1,2;2018-12-20;1;7035.36;51;372.0
079b7854875e6be06e3bd62d39d996e5;A;102955404;BRUSH 1,0X300X510;2018-12-20;1;7820.49;51;3.0
079b7854875e6be06e3bd62d39d996e5;A;104581595;BRAKE LINING CORRUDUR® 64X5X10;2018-12-20;1;1180.85;51;2.0
079b7854875e6be06e3bd62d39d996e5;A;105073780;KNIFE 2540X32X8 AB2500;2018-12-20;1;26732.78;51;1.0
079b7854875e6be06e3bd62d39d996e5;A;105073880;KNIFE 2540X28X8 AB2500;2018-12-20;1;26732.78;51;1.0
079b7854875e6be06e3bd62d39d996e5;A;105303965;DISC CUT KNIFE 240X1,2/0,35MM,20°;2018-12-20;1;20956.86;51;4.0
079b7854875e6be06e3bd62d39d996e5;A;105406991;GRINDING WHEEL 50X11X19MM;2018-12-20;1;1288.03;51;1.0
079b7854875e6be06e3bd62d39d996e5;A;106606921;CLEAN-OUT FINGER BL1.0X98X90LG;2018-12-20;1;6252.43;51;88.0
079b7854875e6be06e3bd62d39d996e5;A;107254210;FELT 46X35X10MM;2018-12-20;1;7949.37;51;432.0
079b7854875e6be06e3bd62d39d996e5;A;108049306;SET OF SEALS 10X113X122;2018-12-20;1;1584.54;51;1.0
079b7854875e6be06e3bd62d39d996e5;A;111125198;GLUE DAM JOINT 3X128X197;2018-12-20;1;1558.99;51;1.0
079b7854875e6be06e3bd62d39d996e5;A;111125199;GLUE DAM JOINT 3X128X197;2018-12-20;1;1558.99;51;1.0
079b7854875e6be06e3bd62d39d996e5;A;111125303;GLUE DAM JOINT 3X260X220;2018-12-20;1;5367.0;51;2.0
079b7854875e6be06e3bd62d39d996e5;A;113463300;RUBBER SPONGE CORD D=15;2018-12-20;1;75.85;51;1.0
079b7854875e6be06e3bd62d39d996e5;A;113869700;FLAT PACKING 32 X 43  X 2;2018-12-20;1;151.69;51;2.0
079b7854875e6be06e3bd62d39d996e5;A;123052310;NO-CRUSH-ROLLER 165X65X50;2018-12-20;1;5392.56;51;10.0
079b7854875e6be06e3bd62d39d996e5;A;124133400;FLAT PACKING 21 X 30  X 2;2018-12-20;1;1063.23;51;8.0
079b7854875e6be06e3bd62d39d996e5;A;136481820;NO-CRUSH-ROLLER 180X65X50;2018-12-20;1;26196.08;51;50.0
079b7854875e6be06e3bd62d39d996e5;A;144934001;EXPANDED RUBBER DISK D 335 MM;2018-12-20;1;20190.15;51;10.0
079b7854875e6be06e3bd62d39d996e5;A;177671310;ADHESIVE LABEL;2018-12-20;1;265.74;51;2.0
079b7854875e6be06e3bd62d39d996e5;A;204231295;KNIFE 1300X50X1.5;2018-12-20;1;7718.26;51;2.0
079b7854875e6be06e3bd62d39d996e5;A;206103704;BRUSH 1,5X250X510;2018-12-20;1;38182.38;51;6.0
079b7854875e6be06e3bd62d39d996e5;A;287805700;PROXIMITY SWITCH 10-30VDC/M12/PNP/2MM;2018-12-20;1;603.2;51;1.0
079b7854875e6be06e3bd62d39d996e5;A;511387.01;BRUSH 2,0X400X510;2018-12-20;1;7053.77;51;2.0
e9812f5e10d094cf795faee3a12f4bfc;A;137663;RADIAL SHAFT SEAL A  80,0X100X10;2018-12-20;1;-75.85;51;-1.0
e9812f5e10d094cf795faee3a12f4bfc;A;137782;RADIAL SHAFT SEAL A  55,0X 70X 8;2018-12-20;1;-75.85;51;-1.0
e9812f5e10d094cf795faee3a12f4bfc;A;107969300;EMERGENCY STOP MODULE 24VDC/220VAC;2018-12-20;1;-30055.21;51;-4.0
e9812f5e10d094cf795faee3a12f4bfc;A;112314200;LIGHT BARRIER 5-500MM;2018-12-20;1;-8689.43;51;-1.0
e9812f5e10d094cf795faee3a12f4bfc;A;114506600;CONTACTOR;2018-12-20;1;-1175.63;51;-1.0
e9812f5e10d094cf795faee3a12f4bfc;A;119814002;LIMIT SWITCH SCHARNIER 3Ö;2018-12-20;1;-13954.2;51;-3.0
e9812f5e10d094cf795faee3a12f4bfc;A;173687700;TORX SOCKET GR.TX40 1/2-ZOLL;2018-12-20;1;-363.02;51;-2.0
e9812f5e10d094cf795faee3a12f4bfc;A;177592300;PLATE SPRING 8,4X15X2;2018-12-20;1;-3177.33;51;-168.0
e9812f5e10d094cf795faee3a12f4bfc;A;191757200;LENS HEAD SCREW M8X16;2018-12-20;1;-416.06;51;-22.0
e9812f5e10d094cf795faee3a12f4bfc;A;191757201;LENS HEAD SCREW M8X25;2018-12-20;1;-1475.17;51;-78.0
56f6157274f2ea4323212d2d44a63360;A;118345;CHEESE-HEAD SCREW M6X16;2018-12-27;0;558.96;52;8.0
56f6157274f2ea4323212d2d44a63360;A;100911400;DISK 6;2018-12-27;0;219.3;52;8.0
56f6157274f2ea4323212d2d44a63360;A;110991000;PACKING CHARGES (CARTON) 200X200X80;2018-12-27;0;197.86;52;1.0
4b69ddb8e0ffa0783e998498a51944cb;A;121454500;PILLOW BLOCK 90X30X110;2018-12-27;0;-6593.74;52;-2.0
4b69ddb8e0ffa0783e998498a51944cb;A;129430200;RADIAL BALL BEARING 25X52X18;2018-12-27;0;-1047.84;52;-2.0
4b69ddb8e0ffa0783e998498a51944cb;A;138014;SEEGER CIRCLIP RING 25X1,2;2018-12-27;0;-37.92;52;-2.0
4b69ddb8e0ffa0783e998498a51944cb;A;138216;SEEGER CIRCLIP RING 52X2,0;2018-12-27;0;-37.92;52;-2.0
4b69ddb8e0ffa0783e998498a51944cb;A;118308700;PACKING CHARGES (CARTON) 330X163X172 MM;2018-12-27;0;-197.86;52;-1.0
4b69ddb8e0ffa0783e998498a51944cb;A;121454600;PILLOW BLOCK 30X235X162;2018-12-27;0;-24125.95;52;-2.0
4b69ddb8e0ffa0783e998498a51944cb;A;P030FR001;FREIGHT CHARGES;2018-12-27;0;-971.72;52;-1.0
cb63abc55d95dc479b6df9da594a0a35;A;104000100;DISK 6;2018-12-28;0;208.58;52;6.0
cb63abc55d95dc479b6df9da594a0a35;A;111125702;SPACER 40/17X2;2018-12-28;0;835.69;52;6.0
cb63abc55d95dc479b6df9da594a0a35;A;110991000;PACKING CHARGES (CARTON) 200X200X80;2018-12-28;0;197.86;52;1.0
3141d51a9f3493a3907cde1eda2f1e2d;A;145858500;BEARINGS AND ACCESSORIES;2019-01-02;0;32069.28;1;2.0
3141d51a9f3493a3907cde1eda2f1e2d;A;145858510;BEARINGS AND ACCESSORIES;2019-01-02;0;32582.07;1;2.0
3141d51a9f3493a3907cde1eda2f1e2d;A;110991003;PACKING CHARGES (CARTON) 360X360X250;2019-01-02;0;197.86;1;1.0
6d37d548cb50bc50f639dc28b68d6009;A;168849450;UNI GREASE H1 HIGH TEMP 400ML;2019-01-02;0;5841.32;1;10.0
6d37d548cb50bc50f639dc28b68d6009;A;110991002;PACKING CHARGES (CARTON) 300X300X200;2019-01-02;0;197.86;1;1.0
fee6b920291872a20bb0c6dbed078116;A;114816800;SEALING LEDGE 5,5X15X160LG;2019-01-10;0;1997.58;2;6.0
fee6b920291872a20bb0c6dbed078116;A;171516600;SEAL 5,5X15X23LG;2019-01-10;0;4778.36;2;6.0
fee6b920291872a20bb0c6dbed078116;A;171516500;SEAL 5,5X15X23LG;2019-01-10;0;4778.36;2;6.0
fee6b920291872a20bb0c6dbed078116;A;110991000;PACKING CHARGES (CARTON) 200X200X80;2019-01-10;0;197.86;2;1.0
59594d83996648736b192ffa4d34760b;A;103560727;BELT 80X3X2530,0;2019-01-18;0;19099.71;3;10.0
59594d83996648736b192ffa4d34760b;A;105450100;TENSION PULLEY 60X  60X  70;2019-01-18;0;9395.41;3;2.0
59594d83996648736b192ffa4d34760b;A;103560703;BELT 80X2450X3;2019-01-18;0;9802.13;3;5.0
59594d83996648736b192ffa4d34760b;A;103560705;BELT 80X1720X 3;2019-01-18;0;9284.67;3;6.0
59594d83996648736b192ffa4d34760b;A;103560708;BELT 80X3X1330;2019-01-18;0;7971.63;3;6.0
59594d83996648736b192ffa4d34760b;A;105337510;PROFILED JOINT 20X25X637;2019-01-18;0;7725.95;3;4.0
59594d83996648736b192ffa4d34760b;A;110991004;PACKING CHARGES (CARTON) 610X410X230;2019-01-18;0;197.86;3;1.0
b6bf0bf45a2aa2c23b7afc2ad9ced0a7;A;851045555;MODIFICATION PARTS;2019-01-21;0;67234.26;4;1.0
b6bf0bf45a2aa2c23b7afc2ad9ced0a7;A;107775901;HOLDING DEVICE 169X87X10X140;2019-01-21;0;6229.35;4;1.0
b6bf0bf45a2aa2c23b7afc2ad9ced0a7;A;107808000;LINEAR BALL BEARING D=20 L=54;2019-01-21;0;4092.72;4;1.0
b6bf0bf45a2aa2c23b7afc2ad9ced0a7;A;118308700;PACKING CHARGES (CARTON) 330X163X172 MM;2019-01-21;0;197.86;4;1.0
11e2a57964407c0278a9a5d9136754ee;A;109888055;KNIFE 2540X30X8 AB2500;2019-01-24;1;141126.58;4;2.0
10e57fdd2910f739c12a3e7b4827fdb9;A;108079901;CLAMPING ELEMENT;2019-01-31;0;7938.11;5;4.0
10e57fdd2910f739c12a3e7b4827fdb9;A;110991000;PACKING CHARGES (CARTON) 200X200X80;2019-01-31;0;197.86;5;1.0
dd7caa25105c27ed9a2f48e396e0e21e;A;171651550;"GEAR MOTOR 2,4KW; I=41,472";2019-02-01;0;54919.29;5;1.0
dd7caa25105c27ed9a2f48e396e0e21e;A;171603001;"CHAIN WHEEL T1""X17,02, Z=13";2019-02-01;0;3986.64;5;1.0
dd7caa25105c27ed9a2f48e396e0e21e;A;130514900;HEXAGONAL SCREW M16X35;2019-02-01;0;42.6;5;1.0
dd7caa25105c27ed9a2f48e396e0e21e;A;V00000024;PACKING CHARGES (BOX);2019-02-01;0;1566.41;5;1.0
4ef0fe00111dee288fb2957b8b4c086d;A;851017038;MOTOR VALVE DN40-PN25 230V 50/60 HZ;2019-02-01;0;80468.75;5;1.0
4ef0fe00111dee288fb2957b8b4c086d;A;110680400;PACKING CHARGES (PAL-BOX I) 830X580X680;2019-02-01;0;1126.71;5;1.0
5cabce0328068c33e02d0a20acbf3b19;A;144296505;CLEAN SPRAY H1 EASY CORRUCLEAN® - 400 ML;2019-02-06;0;2590.07;6;4.0
5cabce0328068c33e02d0a20acbf3b19;A;110991002;PACKING CHARGES (CARTON) 300X300X200;2019-02-06;0;197.86;6;1.0
dfeca245b46846113855cc430e68f0df;A;105303965;DISC CUT KNIFE 240X1,2/0,35MM,20°;2019-02-08;1;115262.74;6;22.0
dfeca245b46846113855cc430e68f0df;A;105406991;GRINDING WHEEL 50X11X19MM;2019-02-08;1;10304.75;6;8.0
dfeca245b46846113855cc430e68f0df;A;144934001;EXPANDED RUBBER DISK D 335 MM;2019-02-08;1;38361.28;6;19.0
dfeca245b46846113855cc430e68f0df;A;109612502;SEALING LEDGE 5,5X65X2665;2019-02-08;1;1226.74;6;1.0
dfeca245b46846113855cc430e68f0df;A;130241404;TOOTHED BELT ATP 50X10X1150;2019-02-08;1;2325.7;6;1.0
7220ad8031199b376423f04256671ff8;A;155448002;BHS-ACTIVE DECALCER 2,5L;2019-02-11;0;7057.9;7;4.0
7220ad8031199b376423f04256671ff8;A;110991002;PACKING CHARGES (CARTON) 300X300X200;2019-02-11;0;197.86;7;1.0
c87d4a557d419b45fc01890b799641e6;A;105303965;DISC CUT KNIFE 240X1,2/0,35MM,20°;2019-02-13;1;2931.1;7;22.0
c87d4a557d419b45fc01890b799641e6;A;105406991;GRINDING WHEEL 50X11X19MM;2019-02-13;1;41.22;7;8.0
c87d4a557d419b45fc01890b799641e6;A;144934001;EXPANDED RUBBER DISK D 335 MM;2019-02-13;1;707.91;7;19.0
c87d4a557d419b45fc01890b799641e6;A;109612502;SEALING LEDGE 5,5X65X2665;2019-02-13;1;64.58;7;1.0
c87d4a557d419b45fc01890b799641e6;A;130241404;TOOTHED BELT ATP 50X10X1150;2019-02-13;1;43.97;7;1.0
c87d4a557d419b45fc01890b799641e6;A;110680400;PACKING CHARGES (PAL-BOX I) 830X580X680;2019-02-13;1;1126.71;7;1.0
c87d4a557d419b45fc01890b799641e6;A;110991003;PACKING CHARGES (CARTON) 360X360X250;2019-02-13;1;197.86;7;1.0
1af997c544b703d255d760495c9d6448;A;109888055;KNIFE 2540X30X8 AB2500;2019-02-13;1;141126.58;7;2.0
636783c6d03112426787a67a09628eff;A;295324020;CONVERTER 1XELEKTRONIK 2XSENSOR;2019-02-19;0;111176.62;8;1.0
636783c6d03112426787a67a09628eff;A;118308700;PACKING CHARGES (CARTON) 330X163X172 MM;2019-02-19;0;197.86;8;1.0
9f6cec8b5ae3e1b835ac8e259371fcaa;A;135175;RADIAL BALL BEARING 17X47X14;2019-02-20;0;484.21;8;2.0
9f6cec8b5ae3e1b835ac8e259371fcaa;A;117235;HEXAGONAL SCREW M8X20;2019-02-20;0;197.31;8;8.0
9f6cec8b5ae3e1b835ac8e259371fcaa;A;101702501;BOLT 70X50;2019-02-20;0;6565.99;8;2.0
9f6cec8b5ae3e1b835ac8e259371fcaa;A;120725;COUNTERSUNK SCREW M6X16;2019-02-20;0;41.77;8;2.0
9f6cec8b5ae3e1b835ac8e259371fcaa;A;107461700;SHIM 32/ 6,4X4;2019-02-20;0;286.9;8;2.0
9f6cec8b5ae3e1b835ac8e259371fcaa;A;101702401;DISK 25X9;2019-02-20;0;1090.99;8;2.0
9f6cec8b5ae3e1b835ac8e259371fcaa;A;110991001;PACKING CHARGES (CARTON) 200X200X150;2019-02-20;0;197.86;8;1.0
25f6d44fff0b863b2c8fb99f99b15685;A;119517715;SERVO CONTROLLER 10A/380V-480V/6,9KW;2019-03-05;0;47227.69;10;1.0
25f6d44fff0b863b2c8fb99f99b15685;A;155470300;EMERGENCY STOP MODULE 2I/2Q;2019-03-05;0;7017.77;10;1.0
25f6d44fff0b863b2c8fb99f99b15685;A;110991004;PACKING CHARGES (CARTON) 610X410X230;2019-03-05;0;197.86;10;1.0
2aa7a29fa8ad768a772e13f18a82128c;A;119517715;SERVO CONTROLLER 10A/380V-480V/6,9KW;2019-03-05;1;45747.3;10;1.0
2aa7a29fa8ad768a772e13f18a82128c;A;155470300;EMERGENCY STOP MODULE 2I/2Q;2019-03-05;1;6874.87;10;1.0
5dd55b67e1640027ba01c6dc1c6d1893;A;109888055;KNIFE 2540X30X8 AB2500;2019-03-06;1;1977.79;10;2.0
5dd55b67e1640027ba01c6dc1c6d1893;A;177592300;PLATE SPRING 8,4X15X2;2019-03-06;1;46.17;10;88.0
5dd55b67e1640027ba01c6dc1c6d1893;A;100441800;SUPPORTING PLATE S 10X16X1,2;2019-03-06;1;23.08;10;88.0
5dd55b67e1640027ba01c6dc1c6d1893;A;191757200;LENS HEAD SCREW M8X16;2019-03-06;1;18.96;10;8.0
5dd55b67e1640027ba01c6dc1c6d1893;A;177671310;ADHESIVE LABEL;2019-03-06;1;0.55;10;2.0
5dd55b67e1640027ba01c6dc1c6d1893;A;191757201;LENS HEAD SCREW M8X25;2019-03-06;1;254.47;10;88.0
5dd55b67e1640027ba01c6dc1c6d1893;A;173687700;TORX SOCKET GR.TX40 1/2-ZOLL;2019-03-06;1;18.14;10;1.0
5dd55b67e1640027ba01c6dc1c6d1893;A;V00000007;PACKING CHARGES (BOX) 2670X100X110MM;2019-03-06;1;1374.04;10;1.0
b4a73f356165fa97a2384a5e3d43eac6;A;119517715;SERVO CONTROLLER 10A/380V-480V/6,9KW;2019-03-07;1;1412.24;10;1.0
b4a73f356165fa97a2384a5e3d43eac6;A;155470300;EMERGENCY STOP MODULE 2I/2Q;2019-03-07;1;136.03;10;1.0
b4a73f356165fa97a2384a5e3d43eac6;A;110991004;PACKING CHARGES (CARTON) 610X410X230;2019-03-07;1;197.86;10;1.0
be659b6bc1dc908b8a400eea689e2f9c;A;106606921;CLEAN-OUT FINGER BL1.0X98X90LG;2019-03-07;1;10799.41;10;152.0
be659b6bc1dc908b8a400eea689e2f9c;A;155470321;EMERGENCY STOP MODULE 24 VDC 3Q;2019-03-07;1;13749.75;10;2.0
0c5966a184daf8cab8f47edd37b92bfc;A;851035004;THREE PHASE A.C. SERVOMOTOR 125A/60KW/11;2019-03-10;0;-247137.64;10;-1.0
7b652785278525a5b687b5d40f8f057b;A;106606921;CLEAN-OUT FINGER BL1.0X98X90LG;2019-03-11;1;1280.61;11;152.0
7b652785278525a5b687b5d40f8f057b;A;155470321;EMERGENCY STOP MODULE 24 VDC 3Q;2019-03-11;1;113.77;11;2.0
7b652785278525a5b687b5d40f8f057b;A;110991002;PACKING CHARGES (CARTON) 300X300X200;2019-03-11;1;197.86;11;1.0
45f5bf42b16a33b9c8b0bd45d47eec48;A;102955404;BRUSH 1,0X300X510;2019-03-12;1;2241.61;11;10.0
45f5bf42b16a33b9c8b0bd45d47eec48;A;110991004;PACKING CHARGES (CARTON) 610X410X230;2019-03-12;1;197.86;11;1.0
db32559af61379a3fcb957d4e583b97e;A;102955404;BRUSH 1,0X300X510;2019-03-12;0;17398.65;11;6.0
db32559af61379a3fcb957d4e583b97e;A;110991004;PACKING CHARGES (CARTON) 610X410X230;2019-03-12;0;197.86;11;1.0
88ded316f95c5be0a6d1e3e2318b4af0;A;102955404;BRUSH 1,0X300X510;2019-03-12;1;26068.29;11;10.0
f903dbc0b3ae60764a653fa5b3923cca;A;149777700;ROLLER BLIND AB 2500;2019-03-13;0;42880.23;11;1.0
f903dbc0b3ae60764a653fa5b3923cca;A;V00000001;PACKING CHARGES (BOX) 3100X140X230MM;2019-03-13;0;1923.66;11;1.0
f903dbc0b3ae60764a653fa5b3923cca;A;110991000;PACKING CHARGES (CARTON) 200X200X80;2019-03-13;0;197.86;11;1.0
3fa3ee3c88a30d4beb57d24d021f4680;A;246165850;ROLL RO.45X6X820LG;2019-03-20;0;24564.82;12;3.0
3fa3ee3c88a30d4beb57d24d021f4680;A;104227700;RADIAL BALL BEARING 20X37X9;2019-03-20;0;1695.57;12;6.0
3fa3ee3c88a30d4beb57d24d021f4680;A;138010;SEEGER CIRCLIP RING 20X1,2;2019-03-20;0;115.97;12;6.0
3fa3ee3c88a30d4beb57d24d021f4680;A;124265410;SHAFT RD 30X860;2019-03-20;0;15537.92;12;3.0
3fa3ee3c88a30d4beb57d24d021f4680;A;110680400;PACKING CHARGES (PAL-BOX I) 830X580X680;2019-03-20;0;1126.71;12;1.0
7556295c42dabd67b89c8a9f39687d8f;A;198302400;RADIAL SHAFT SEAL A 80,0X100X10;2019-03-20;0;517.74;12;2.0
7556295c42dabd67b89c8a9f39687d8f;A;198305600;RADIAL SHAFT SEAL A 110,0X140X12;2019-03-20;0;1244.33;12;2.0
7556295c42dabd67b89c8a9f39687d8f;A;135309;RADIAL ANGULAR BALL BEARING 90X160X52,4;2019-03-20;0;11476.81;12;2.0
7556295c42dabd67b89c8a9f39687d8f;A;198301500;GROOVED BALL BEARING 80X140X26;2019-03-20;0;4404.07;12;2.0
7556295c42dabd67b89c8a9f39687d8f;A;104581529;SEALING RING 60X  50X  7;2019-03-20;0;12617.54;12;16.0
7556295c42dabd67b89c8a9f39687d8f;A;104581528;SPRING;2019-03-20;0;4296.07;12;16.0
7556295c42dabd67b89c8a9f39687d8f;A;104581513;O-RING 10X2;2019-03-20;0;2742.31;12;16.0
7556295c42dabd67b89c8a9f39687d8f;A;104581595;BRAKE LINING CORRUDUR® 64X5X10;2019-03-20;0;9579.26;12;16.0
7556295c42dabd67b89c8a9f39687d8f;A;121606100;RETURN SPRING;2019-03-20;0;541.92;12;2.0
7556295c42dabd67b89c8a9f39687d8f;A;121606101;RETURN SPRING;2019-03-20;0;541.92;12;2.0
7556295c42dabd67b89c8a9f39687d8f;A;110991002;PACKING CHARGES (CARTON) 300X300X200;2019-03-20;0;197.86;12;1.0
10650bdf615ba5521d59de33d3c2e171;A;188840001;SERVO CONTROLLER 9,3A 4KW;2019-04-02;0;40574.04;14;1.0
10650bdf615ba5521d59de33d3c2e171;A;110991004;PACKING CHARGES (CARTON) 610X410X230;2019-04-02;0;197.86;14;1.0
3aa5c810648a96ca50cbd90ac8c98f3a;A;107808000;LINEAR BALL BEARING D=20 L=54;2019-04-03;0;32651.87;14;8.0
3aa5c810648a96ca50cbd90ac8c98f3a;A;110655600;ADJUSTING NUT 50X40;2019-04-03;0;13672.53;14;2.0
3aa5c810648a96ca50cbd90ac8c98f3a;A;108508399;PRESSURE SHOE, COMPLETE;2019-04-03;0;30536.67;14;32.0
3aa5c810648a96ca50cbd90ac8c98f3a;A;110991002;PACKING CHARGES (CARTON) 300X300X200;2019-04-03;0;197.86;14;1.0
b816c15f5a3f440be6ddaab4ccd82b21;A;851061487;PERFLU H1 HIGH TEMP 25KG;2019-04-11;0;120216.16;15;25.0
b816c15f5a3f440be6ddaab4ccd82b21;A;182532;BACOMIN V95 POWER 400ML;2019-04-11;0;5098.51;15;5.0
b816c15f5a3f440be6ddaab4ccd82b21;A;111742500;BACOMIN V42-50 UNIVERSAL CORRULUB®;2019-04-11;0;76423.57;15;25.0
b816c15f5a3f440be6ddaab4ccd82b21;A;110680400;PACKING CHARGES (PAL-BOX I) 830X580X680;2019-04-11;0;1126.71;15;1.0
db7baea5c79abe62cd9ff6001904d27a;A;197617200;PROXIMITY SWITCH 10-30VDC/PNP/NPN/4MM;2019-04-12;1;2709.06;15;1.0
db7baea5c79abe62cd9ff6001904d27a;A;139531;"STEAM HOSE 3/4"" X450";2019-04-12;1;1431.2;15;1.0
db7baea5c79abe62cd9ff6001904d27a;A;121067160;"STEAM HOSE 3/4""X930MM";2019-04-12;1;3910.24;15;1.0
db7baea5c79abe62cd9ff6001904d27a;A;158530220;TOOTHED BELT HTD 15X 3X 645;2019-04-12;1;275.91;15;1.0
db7baea5c79abe62cd9ff6001904d27a;A;119517715;SERVO CONTROLLER 10A/380V-480V/6,9KW;2019-04-12;1;47025.16;15;1.0
db7baea5c79abe62cd9ff6001904d27a;A;111125303;GLUE DAM JOINT 3X260X220;2019-04-12;1;11040.69;15;4.0
db7baea5c79abe62cd9ff6001904d27a;A;111125198;GLUE DAM JOINT 3X128X197;2019-04-12;1;3220.2;15;2.0
db7baea5c79abe62cd9ff6001904d27a;A;111125199;GLUE DAM JOINT 3X128X197;2019-04-12;1;3220.2;15;2.0
f775660b0f79165df8ce5b08fabc0332;A;197617200;PROXIMITY SWITCH 10-30VDC/PNP/NPN/4MM;2019-04-16;1;3.85;16;1.0
f775660b0f79165df8ce5b08fabc0332;A;139531;"STEAM HOSE 3/4"" X450";2019-04-16;1;118.99;16;1.0
f775660b0f79165df8ce5b08fabc0332;A;121067160;"STEAM HOSE 3/4""X930MM";2019-04-16;1;167.36;16;1.0
f775660b0f79165df8ce5b08fabc0332;A;158530220;TOOTHED BELT HTD 15X 3X 645;2019-04-16;1;4.95;16;1.0
f775660b0f79165df8ce5b08fabc0332;A;119517715;SERVO CONTROLLER 10A/380V-480V/6,9KW;2019-04-16;1;780.45;16;1.0
f775660b0f79165df8ce5b08fabc0332;A;111125303;GLUE DAM JOINT 3X260X220;2019-04-16;1;449.59;16;4.0
f775660b0f79165df8ce5b08fabc0332;A;111125198;GLUE DAM JOINT 3X128X197;2019-04-16;1;79.97;16;2.0
f775660b0f79165df8ce5b08fabc0332;A;111125199;GLUE DAM JOINT 3X128X197;2019-04-16;1;71.45;16;2.0
f775660b0f79165df8ce5b08fabc0332;A;110991004;PACKING CHARGES (CARTON) 610X410X230;2019-04-16;1;203.36;16;1.0
4d6dc3f3adcf1c2bd8725880a5d8ffa2;A;155470310;EMERGENCY STOP MODULE 8I/24 VDC;2019-04-16;1;498.5;16;2.0
4d6dc3f3adcf1c2bd8725880a5d8ffa2;A;110991000;PACKING CHARGES (CARTON) 200X200X80;2019-04-16;1;203.36;16;1.0
d59ce6998c5b2851b470cea05e0c5fdd;A;197617200;PROXIMITY SWITCH 10-30VDC/PNP/NPN/4MM;2019-04-16;0;2713.18;16;1.0
d59ce6998c5b2851b470cea05e0c5fdd;A;139531;"STEAM HOSE 3/4"" X450";2019-04-16;0;7822.69;16;5.0
d59ce6998c5b2851b470cea05e0c5fdd;A;121067160;"STEAM HOSE 3/4""X930MM";2019-04-16;0;20487.22;16;5.0
d59ce6998c5b2851b470cea05e0c5fdd;A;158530220;TOOTHED BELT HTD 15X 3X 645;2019-04-16;0;281.4;16;1.0
d59ce6998c5b2851b470cea05e0c5fdd;A;102955400;BRUSH 1X300X1300;2019-04-16;0;9458.07;16;1.0
d59ce6998c5b2851b470cea05e0c5fdd;A;120606;WOOD SCREW 8 X 25;2019-04-16;0;21.71;16;1.0
d59ce6998c5b2851b470cea05e0c5fdd;A;108508399;PRESSURE SHOE, COMPLETE;2019-04-16;0;32596.91;16;33.0
d59ce6998c5b2851b470cea05e0c5fdd;A;124280700;LAMP 24VDC;2019-04-16;0;4496.13;16;1.0
d59ce6998c5b2851b470cea05e0c5fdd;A;V00000005;PACKING CHARGES (BOX) 1540X540X340MM;2019-04-16;0;2748.08;16;1.0
1a19e97d1fd68b9ce9b13ee0d343cbeb;A;155470310;EMERGENCY STOP MODULE 8I/24 VDC;2019-04-16;1;10989.57;16;2.0
9ad871aa303d9bdf604f383d615f36e4;A;105303965;DISC CUT KNIFE 240X1,2/0,35MM,20°;2019-04-25;1;97066.05;17;18.0
9ad871aa303d9bdf604f383d615f36e4;A;105406991;GRINDING WHEEL 50X11X19MM;2019-04-25;1;13289.72;17;10.0
d03d8fbc425686b4f579310131f4cc22;A;131139501;HOSE REEL ID 9.6;2019-04-29;0;30733.16;18;1.0
d03d8fbc425686b4f579310131f4cc22;A;179013900;BLADE TYPE DRIVE M 5 - 2.471NM;2019-04-29;0;9821.91;18;2.0
d03d8fbc425686b4f579310131f4cc22;A;110680400;PACKING CHARGES (PAL-BOX I) 830X580X680;2019-04-29;0;1154.19;18;1.0
433f271325a95ff34b5ba84b54572f93;A;105303965;DISC CUT KNIFE 240X1,2/0,35MM,20°;2019-04-30;1;2243.53;18;18.0
433f271325a95ff34b5ba84b54572f93;A;105406991;GRINDING WHEEL 50X11X19MM;2019-04-30;1;48.37;18;10.0
433f271325a95ff34b5ba84b54572f93;A;110991003;PACKING CHARGES (CARTON) 360X360X250;2019-04-30;1;203.36;18;1.0
481019738c5c28eb1ed5758f10fa570a;A;155470310;EMERGENCY STOP MODULE 8I/24 VDC;2019-04-30;0;5516.5;18;1.0
481019738c5c28eb1ed5758f10fa570a;A;195034700;CYLINDRICAL ROLLER BEARING 100X185X 65;2019-04-30;0;13698.91;18;1.0
481019738c5c28eb1ed5758f10fa570a;A;195034500;CYLINDRICAL ROLLER BEARING 100X185X 60;2019-04-30;0;13892.37;18;1.0
481019738c5c28eb1ed5758f10fa570a;A;178021500;HINGE 64X32,5X11X17;2019-04-30;0;3178.7;18;4.0
481019738c5c28eb1ed5758f10fa570a;A;107555600;GREASE NIPPLE, FLAT M8X1,0 D-10-MM;2019-04-30;0;55.51;18;2.0
481019738c5c28eb1ed5758f10fa570a;A;V00000012;PACKING CHARGES (BOX) 790X380X380MM;2019-04-30;0;2473.27;18;1.0
a1a22aefdc8d411c40ee286a0d365439;A;137274;TWO-HOLE FLANGE HOUSING 45X180X111X56,7;2019-05-02;0;5986.69;18;2.0
a1a22aefdc8d411c40ee286a0d365439;A;137260;TWO-HOLE FLANGE HOUSING 45X180X42,9;2019-05-02;0;6004.83;18;2.0
a1a22aefdc8d411c40ee286a0d365439;A;110991002;PACKING CHARGES (CARTON) 300X300X200;2019-05-02;0;203.36;18;1.0
3a0efd0f03cb72d1e87eade28a43a1f2;A;155470320;EMERGENCY STOP MODULE 24VDC 4Q;2019-05-08;1;3143.53;19;1.0
6e638e4baad6a792390f2fd71eec6259;A;109888055;KNIFE 2540X30X8 AB2500;2019-05-10;1;1915.96;19;2.0
6e638e4baad6a792390f2fd71eec6259;A;177592300;PLATE SPRING 8,4X15X2;2019-05-10;1;44.79;19;88.0
6e638e4baad6a792390f2fd71eec6259;A;100441800;SUPPORTING PLATE S 10X16X1,2;2019-05-10;1;22.53;19;88.0
6e638e4baad6a792390f2fd71eec6259;A;191757200;LENS HEAD SCREW M8X16;2019-05-10;1;18.41;19;8.0
6e638e4baad6a792390f2fd71eec6259;A;177671310;ADHESIVE LABEL;2019-05-10;1;0.55;19;2.0
6e638e4baad6a792390f2fd71eec6259;A;191757201;LENS HEAD SCREW M8X25;2019-05-10;1;246.5;19;88.0
6e638e4baad6a792390f2fd71eec6259;A;173687700;TORX SOCKET GR.TX40 1/2-ZOLL;2019-05-10;1;17.59;19;1.0
6e638e4baad6a792390f2fd71eec6259;A;V00000007;PACKING CHARGES (BOX) 2670X100X110MM;2019-05-10;1;1374.04;19;1.0
aff2e6466d8aaa01cdd33216c14ba377;A;109888055;KNIFE 2540X30X8 AB2500;2019-05-10;1;145087.94;19;2.0
951d5733137dcfcaeb57f22f0c946faa;A;155470300;EMERGENCY STOP MODULE 2I/2Q;2019-05-13;1;298.44;20;3.0
951d5733137dcfcaeb57f22f0c946faa;A;155470310;EMERGENCY STOP MODULE 8I/24 VDC;2019-05-13;1;117.89;20;3.0
951d5733137dcfcaeb57f22f0c946faa;A;155470311;EMERGENCY STOP MODULE 24 VDC 5I/1I;2019-05-13;1;186.32;20;3.0
951d5733137dcfcaeb57f22f0c946faa;A;155470321;EMERGENCY STOP MODULE 24 VDC 3Q;2019-05-13;1;198.96;20;3.0
951d5733137dcfcaeb57f22f0c946faa;A;155470330;EMERGENCY STOP MODULE B45H84T121MM;2019-05-13;1;164.88;20;3.0
951d5733137dcfcaeb57f22f0c946faa;A;280768800;EMERGENCY STOP MODULE B22,5H96,5,T120;2019-05-13;1;110.47;20;3.0
951d5733137dcfcaeb57f22f0c946faa;A;280768801;EMERGENCY STOP MODULE B22,5H96,5,T120;2019-05-13;1;117.89;20;3.0
951d5733137dcfcaeb57f22f0c946faa;A;280768802;EMERGENCY STOP MODULE B22,5H96,5T120;2019-05-13;1;132.46;20;3.0
951d5733137dcfcaeb57f22f0c946faa;A;107969300;EMERGENCY STOP MODULE 24VDC/220VAC;2019-05-13;1;633.71;20;3.0
951d5733137dcfcaeb57f22f0c946faa;A;104462901;EMERGENCY STOP MODULE 24VAC/DC;2019-05-13;1;360.82;20;3.0
951d5733137dcfcaeb57f22f0c946faa;A;110991005;PACKING CHARGES (CARTON) 600X400X400;2019-05-13;1;203.36;20;1.0
15d09aacdb1f55aec00c9924c38084da;A;107021531;PISTON ROD 40/36X273;2019-05-13;0;29247.82;20;2.0
15d09aacdb1f55aec00c9924c38084da;A;107897730;HOLDING DEVICE 40X10X90;2019-05-13;0;12624.41;20;8.0
15d09aacdb1f55aec00c9924c38084da;A;107021631;SAFETY BOLT 30X180;2019-05-13;0;17491.26;20;8.0
15d09aacdb1f55aec00c9924c38084da;A;118308700;PACKING CHARGES (CARTON) 330X163X172 MM;2019-05-13;0;203.36;20;1.0
4fb392a583b7c99b1dd5e66c36351b7c;A;108686700;FORK 70X60X29;2019-05-14;0;6149.93;20;2.0
4fb392a583b7c99b1dd5e66c36351b7c;A;108686901;PRISM 50X40X25;2019-05-14;0;4965.23;20;2.0
4fb392a583b7c99b1dd5e66c36351b7c;A;121238;SPRING DOWEL SLEEVE 5X50;2019-05-14;0;41.5;20;2.0
4fb392a583b7c99b1dd5e66c36351b7c;A;118399;CHEESE-HEAD SCREW M8X30;2019-05-14;0;297.07;20;12.0
4fb392a583b7c99b1dd5e66c36351b7c;A;119242;THREADED PIN M20X50;2019-05-14;0;842.01;20;8.0
4fb392a583b7c99b1dd5e66c36351b7c;A;110991000;PACKING CHARGES (CARTON) 200X200X80;2019-05-14;0;203.36;20;1.0
edd479c15bdef78a30ef03b19ecc96bb;A;108508304;SHOE 40X10X76;2019-05-15;0;5300.5;20;5.0
edd479c15bdef78a30ef03b19ecc96bb;A;110991000;PACKING CHARGES (CARTON) 200X200X80;2019-05-15;0;203.36;20;1.0
9089e0df48ea0e536328936dd3265181;A;851044177;DISC CUT KNIFE;2019-05-20;0;14082.26;21;2.0
9089e0df48ea0e536328936dd3265181;A;851051751;KNIFE;2019-05-20;0;3559.04;21;2.0
9089e0df48ea0e536328936dd3265181;A;144296504;OIL SPRAY H1 UNIVERSAL 400ML;2019-05-20;0;2145.15;21;4.0
9089e0df48ea0e536328936dd3265181;A;144296504;OIL SPRAY H1 UNIVERSAL 400ML;2019-05-20;0;2145.43;21;4.0
9089e0df48ea0e536328936dd3265181;A;168849450;UNI GREASE H1 HIGH TEMP 400ML;2019-05-20;0;540.0;21;1.0
9089e0df48ea0e536328936dd3265181;A;118308700;PACKING CHARGES (CARTON) 330X163X172 MM;2019-05-20;0;197.86;21;1.0
9089e0df48ea0e536328936dd3265181;A;110991002;PACKING CHARGES (CARTON) 300X300X200;2019-05-20;0;197.86;21;1.0
3a60d2147dc3303c356cd1ecf5b558bd;A;103379420;PROXIMITY SWITCH 10-30V,DC200MA;2019-05-28;1;5801.47;22;1.0
3a60d2147dc3303c356cd1ecf5b558bd;A;155470321;EMERGENCY STOP MODULE 24 VDC 3Q;2019-05-28;1;7079.33;22;1.0
e74c9d529817e19e46139d8a19404aa2;A;103379420;PROXIMITY SWITCH 10-30V,DC200MA;2019-05-30;1;75.57;22;1.0
e74c9d529817e19e46139d8a19404aa2;A;155470321;EMERGENCY STOP MODULE 24 VDC 3Q;2019-05-30;1;509.77;22;1.0
e74c9d529817e19e46139d8a19404aa2;A;110991001;PACKING CHARGES (CARTON) 200X200X150;2019-05-30;1;203.36;22;1.0
d86261697edbd407b2c90c2e70b33d96;A;117816;SQUARE-HEAD BOLT M12X30;2019-05-30;0;866.74;22;4.0
d86261697edbd407b2c90c2e70b33d96;A;122204;SAFETY NUT M12;2019-05-30;0;233.31;22;4.0
d86261697edbd407b2c90c2e70b33d96;A;110991000;PACKING CHARGES (CARTON) 200X200X80;2019-05-30;0;203.36;22;1.0
ac1d1c8eaa9333038a9bce6b4c42c55b;A;105303965;DISC CUT KNIFE 240X1,2/0,35MM,20°;2019-06-18;1;48533.03;25;9.0
ac1d1c8eaa9333038a9bce6b4c42c55b;A;105406991;GRINDING WHEEL 50X11X19MM;2019-06-18;1;7973.83;25;6.0
ac1d1c8eaa9333038a9bce6b4c42c55b;A;105337510;PROFILED JOINT 20X25X637;2019-06-18;1;9583.93;25;5.0
ac1d1c8eaa9333038a9bce6b4c42c55b;A;109612502;SEALING LEDGE 5,5X65X2665;2019-06-18;1;2504.6;25;2.0
615fa780b77d475ab32313bd49e91d57;A;231269200;WEAR PLATE 150X72;2019-06-19;0;15414.26;25;1.0
615fa780b77d475ab32313bd49e91d57;A;292635900;SEALING RING 95,7X103,0X2,5;2019-06-19;0;3608.23;25;1.0
615fa780b77d475ab32313bd49e91d57;A;194274900;CHEESE-HEAD SCREW M10X65;2019-06-19;0;284.43;25;6.0
615fa780b77d475ab32313bd49e91d57;A;110991000;PACKING CHARGES (CARTON) 200X200X80;2019-06-19;0;203.36;25;1.0
73797645f875a0f41f850cc548286595;A;121010611;PLATE;2019-06-21;0;29585.56;25;2.0
73797645f875a0f41f850cc548286595;A;110991002;PACKING CHARGES (CARTON) 300X300X200;2019-06-21;0;203.36;25;1.0
c9dcae1a7340872293e0bffecdd9f86d;A;117712401;TOOTHED BELT GT 30X8X720;2019-06-24;0;2164.66;26;3.0
c9dcae1a7340872293e0bffecdd9f86d;A;110991001;PACKING CHARGES (CARTON) 200X200X150;2019-06-24;0;203.36;26;1.0